,B1,B2,B3,B4,B5,B6,B7,CMANAME,CMAPUID,CMATYPE,CMAUID,CTNAME,CTUID,PRNAME,PRUID,UniqueID,ndvi,pixel_qa,radsat_qa,sr_atmos_opacity,sr_cloud_qa
0,460.07916982738,712.982259198919,556.6107062181402,3194.9873493380883,1722.6745278484882,2950.679160591059,919.3637577936942,Ottawa - Gatineau (partie du Québec / Quebec part),24505,B,505,0822.05,5050822.05,Quebec / Québec,24,1,0.7017728772227061,67.18160832576714,0.0,197.6170132090391,0.23355907807406392
1,379.2578439473549,610.2273468489778,440.89152661347816,3222.4092781297754,1611.8241549533614,2946.575011975126,764.6651841299949,Ottawa - Gatineau (partie du Québec / Quebec part),24505,B,505,0822.06,5050822.06,Quebec / Québec,24,2,0.7005596817345244,66.5498763489953,0.0,192.05025521184754,1.987960564122298
2,766.1074201627621,1005.6592849248291,936.6769701640861,2550.8029689571035,1775.8456552068265,3007.164523318063,1256.4360417064463,Ottawa - Gatineau (partie du Québec / Quebec part),24505,B,505,0506.00,5050506.00,Quebec / Québec,24,14,0.4610385353526027,66.80033059648139,0.0,286.8418697934886,0.1903271260545429
3,429.0235081889478,615.0857427212921,486.95867388855055,2452.6684716782397,1283.5116732250544,2953.078403821445,694.582937563294,Ottawa - Gatineau (partie du Québec / Quebec part),24505,B,505,0507.00,5050507.00,Quebec / Québec,24,15,0.6046341414858981,66.91267848708027,0.0,247.01668758856596,4.8583921321406285
4,858.5999793714379,1113.0684258766555,1067.1041390740122,2424.321739925407,1904.5493761032196,3007.523639628406,1448.6554280074913,Ottawa - Gatineau (partie du Québec / Quebec part),24505,B,505,0508.00,5050508.00,Quebec / Québec,24,16,0.39222644066956075,66.98114127517331,0.019128302620999404,307.7291141673679,0.15938845691326392
5,726.9437795211186,958.8421518978719,898.5727045945598,2468.659657708379,1713.9343463947591,3017.3257189010137,1224.8043887211434,Ottawa - Gatineau (partie du Québec / Quebec part),24505,B,505,0509.00,5050509.00,Quebec / Québec,24,17,0.4621634765750754,66.18691767143551,0.0,267.62514909656016,0.007088476454671239
6,500.13899808599416,701.7094508817344,579.8938176948533,2519.7162506651684,1381.4115447729803,2960.299619520451,788.7306786131863,Ottawa - Gatineau (partie du Québec / Quebec part),24505,B,505,0600.00,5050600.00,Quebec / Québec,24,18,0.551641285182814,67.84857155327973,0.0,247.39827674431362,3.0907253814314486
7,590.3300030594647,765.8153844769466,681.1490074738339,1892.7516717786289,1181.1984178199662,2970.551821923763,801.2159647467465,Ottawa - Gatineau (partie du Québec / Quebec part),24505,B,505,0500.00,5050500.00,Quebec / Québec,24,19,0.3994815340575113,68.12996552318128,0.0,327.57484374879493,5.879254004941423
8,839.5213542783615,1053.6380817070553,1013.5504128243618,2154.3188344413466,1655.985186575166,3019.520962899421,1292.9327096289935,Ottawa - Gatineau (partie du Québec / Quebec part),24505,B,505,0501.00,5050501.00,Quebec / Québec,24,20,0.34729812170023144,67.32550932875827,0.0,358.3162180999356,0.7821842161698475
9,802.055111194505,1054.2926348736148,1005.408496334105,2447.5688276120877,1796.850759228614,3011.1291117813703,1349.0061979882992,Ottawa - Gatineau (partie du Québec / Quebec part),24505,B,505,0502.00,5050502.00,Quebec / Québec,24,21,0.41606242143897026,66.36092053600123,0.0,319.71332956729856,0.5833834029650539
10,659.4932126337201,892.690439668738,805.540982499086,2740.8780300742314,1770.586606475814,3001.6632902036204,1159.2844693296877,Ottawa - Gatineau (partie du Québec / Quebec part),24505,B,505,0503.00,5050503.00,Quebec / Québec,24,22,0.5407734671049956,66.94964314666747,0.0,271.4864371890451,1.4680779196007052
11,719.5661812549312,947.3368170118696,878.5902071205247,2512.770560901039,1711.6101792510988,3011.3397882153827,1207.6265035959652,Ottawa - Gatineau (partie du Québec / Quebec part),24505,B,505,0505.00,5050505.00,Quebec / Québec,24,23,0.47933765575428394,66.06920716083081,0.0,266.03255943846585,0.5299337237356558
12,718.6953783765185,965.8415662853056,873.8212691660794,2769.411580384307,1767.9795828552335,3001.729427222116,1164.6338708877247,Ottawa - Gatineau (partie du Québec / Quebec part),24505,B,505,0611.00,5050611.00,Quebec / Québec,24,68,0.5117580376311763,66.60872793730512,0.0,227.6236495126163,0.0667870122762124
13,260.77414614639196,475.7082324753916,288.3821499721805,3633.156788503499,1627.716053642214,2925.6870861313896,643.2821590862056,Ottawa - Gatineau (partie du Québec / Quebec part),24505,B,505,0900.00,5050900.00,Quebec / Québec,24,78,0.825252089211108,66.48727719074908,0.002573546404209126,113.7708540526714,1.9191983234745233
14,284.85611616727994,533.2891743528324,333.7002651406424,3967.072809829959,1791.89148944757,2928.4273045885043,727.928449340894,Ottawa - Gatineau (partie du Québec / Quebec part),24505,B,505,0901.00,5050901.00,Quebec / Québec,24,79,0.836953255726958,66.18995207321866,0.003463144251235108,132.30877402301414,0.3434463517055141
15,473.69072378073645,658.5971888541662,531.0734157449053,2459.5613600920046,1338.513123430698,2958.6759816229846,746.5327749578004,Ottawa - Gatineau (partie du Québec / Quebec part),24505,B,505,0800.00,5050800.00,Quebec / Québec,24,82,0.564646259692344,66.92858132071264,0.0,250.5542007622969,4.9736407409414545
16,439.66215921498804,643.3381816422386,492.57306224110766,2888.25111211892,1456.6802499234518,2954.9824252713875,745.4419751954155,Ottawa - Gatineau (partie du Québec / Quebec part),24505,B,505,0504.01,5050504.01,Quebec / Québec,24,83,0.6305587987761824,67.00725982564285,0.0,257.8837915166991,2.335255830680617
17,265.9372208129134,495.8622608914821,301.8205626012524,3913.3974634474907,1718.6361639938464,2922.1887334797493,680.0385913178245,Ottawa - Gatineau (partie du Québec / Quebec part),24505,B,505,0902.00,5050902.00,Quebec / Québec,24,100,0.8393203196520789,66.0943969276268,0.00038874075910970613,117.23377878345035,1.1947392386378837
18,245.14566721680947,451.278139985023,268.71386843656865,3774.5383926778636,1644.1273278694762,2911.889924570726,646.2130453451022,Ottawa - Gatineau (partie du Québec / Quebec part),24505,B,505,0903.00,5050903.00,Quebec / Québec,24,101,0.8418215706145179,66.07918629912646,0.00044943146469083494,132.99456708659432,1.8082210448145934
19,237.72914236421943,421.3512036734105,252.04490944138539,3135.2031638326266,1369.732779249205,2912.791868787637,548.424479966364,Ottawa - Gatineau (partie du Québec / Quebec part),24505,B,505,0904.00,5050904.00,Quebec / Québec,24,102,0.7925017042894722,66.26677515612282,0.00018028224511076817,145.5239173340506,5.443207417919163
20,273.96661114848666,513.2455528333539,317.58183899213896,3799.4208468612946,1683.5262467994921,2923.3759667882646,677.2527493895889,Ottawa - Gatineau (partie du Québec / Quebec part),24505,B,505,0905.00,5050905.00,Quebec / Québec,24,103,0.8370074759321167,66.11469886526646,0.0,132.05692571238316,0.3401162673198281
21,391.04207608212243,606.195252812555,434.89834613952087,3102.942358073278,1497.9087091463844,2951.0977777432126,696.5344791781398,Ottawa - Gatineau (partie du Québec / Quebec part),24505,B,505,0821.02,5050821.02,Quebec / Québec,24,111,0.668628610905093,66.59074625083754,0.0,251.56435161791805,1.1856996684880348
22,583.737326286639,861.8047623690937,710.9029233379489,3479.085998790881,1893.1331224525627,2970.7230376192065,1057.0479169998234,Ottawa - Gatineau (partie du Québec / Quebec part),24505,B,505,0620.03,5050620.03,Quebec / Québec,24,112,0.6427589749598406,66.46261364744426,0.0,216.33387990717094,0.36341673654855
23,306.15926099538757,541.5081937816988,340.84197913399896,3758.390085722599,1710.5355867498142,2926.20257362897,707.6236043844981,Ottawa - Gatineau (partie du Québec / Quebec part),24505,B,505,0841.06,5050841.06,Quebec / Québec,24,114,0.8084908130322859,66.70173819892628,0.0,174.78292815016172,1.2934611359659423
24,298.40003798084564,541.2946099890402,337.75855495365727,4020.6813040470092,1832.418815927757,2926.518794201482,754.4891641429698,Ottawa - Gatineau (partie du Québec / Quebec part),24505,B,505,0841.07,5050841.07,Quebec / Québec,24,115,0.8391328122560242,66.19943258386321,0.0009889077813499455,154.59115519547302,0.2361433614520658
25,711.1390904526836,971.3159919173526,872.7683535659384,3012.473906020511,1848.7772656827356,2988.2887815845397,1139.6731220785382,Ottawa - Gatineau (partie du Québec / Quebec part),24505,B,505,0620.04,5050620.04,Quebec / Québec,24,116,0.5490248235002505,66.44164559211946,0.0,206.46294985453113,0.49905827177278783
26,425.1622065470228,664.2655181715654,514.0894377043535,3453.8229044608524,1771.5815794722525,2968.4922929488234,887.9291842285674,Ottawa - Gatineau (partie du Québec / Quebec part),24505,B,505,0821.01,5050821.01,Quebec / Québec,24,117,0.7331204246390188,66.10409886639708,0.0,191.5262341254732,0.1981837961996417
27,379.57021180854105,634.1559668681081,450.73399376667766,3819.7262396121887,1848.6885132664745,2952.182688595501,845.9362546031899,Ottawa - Gatineau (partie du Québec / Quebec part),24505,B,505,0504.03,5050504.03,Quebec / Québec,24,121,0.7784283483374036,66.21949579459519,0.0,191.2989148359726,0.19618304866917613
28,569.0610450943657,817.561462145287,690.3792431994276,3174.6644208572447,1792.7252045605412,2989.5120107728376,1028.6500898715367,Ottawa - Gatineau (partie du Québec / Quebec part),24505,B,505,0504.04,5050504.04,Quebec / Québec,24,122,0.6297542642843295,66.26961460970497,0.0,241.3997712093893,0.16852968991382916
29,642.884968621257,888.1546657203247,782.241146711636,3124.8750173436947,1807.24483558179,2985.5725166499465,1087.9873511110652,Ottawa - Gatineau (partie du Québec / Quebec part),24505,B,505,0504.05,5050504.05,Quebec / Québec,24,123,0.5965459665784464,66.47968653275557,0.0,263.6605812538694,0.40770086665101335
30,451.3918989924169,708.0682621511091,566.8419531447922,3218.2439608038662,1650.1444571559518,2951.5097494380325,854.3549121833455,Ottawa - Gatineau (partie du Québec / Quebec part),24505,B,505,0906.00,5050906.00,Quebec / Québec,24,216,0.6669901465982592,66.6654314831719,0.0,200.43569539557365,0.49099046569701704
31,316.2760032210919,569.4420050304782,364.9140313143601,3756.271736512991,1619.018718632477,2934.905962168449,656.5953407036777,Ottawa - Gatineau (partie du Québec / Quebec part),24505,B,505,0907.00,5050907.00,Quebec / Québec,24,220,0.7902539084584153,66.24684919283442,0.0,160.2727087137533,0.5921911879226038
32,890.8742680248869,1144.3334329632798,1054.6365621568864,2688.423139563255,1851.1753446382827,3002.5455044528485,1312.7721086983042,Ottawa - Gatineau (partie du Québec / Quebec part),24505,B,505,0601.03,5050601.03,Quebec / Québec,24,224,0.4391907137759895,66.28217640600225,0.0,248.28681529827983,0.012443576918384776
33,743.4458769989026,1009.6568161428277,916.7568521523392,3003.9533399482866,1905.1345391090617,2991.888609988811,1228.1710839215339,Ottawa - Gatineau (partie du Québec / Quebec part),24505,B,505,0602.03,5050602.03,Quebec / Québec,24,226,0.5207099021243221,67.24455917401752,0.014368587731585634,225.45328580195115,0.6145001237001583
34,402.01357599348813,638.2416778698582,478.6405472539886,3446.8618022213886,1693.011771845753,2949.7931807080777,814.7293080183248,Ottawa - Gatineau (partie du Québec / Quebec part),24505,B,505,0711.00,5050711.00,Quebec / Québec,24,230,0.7327777335492518,66.98494247330937,0.0,184.2605282212902,0.41882878145530567
35,451.5833027847477,703.4357081923946,544.7907343086968,3462.4300238075507,1717.5578213510355,2955.5286888004425,866.3324569984973,Ottawa - Gatineau (partie du Québec / Quebec part),24505,B,505,0712.00,5050712.00,Quebec / Québec,24,231,0.7067503238751244,67.00000031305132,0.0,200.59324184931896,0.6228693339677841
36,288.85555090338374,507.24703422145336,333.8103520385253,3386.4041076823087,1544.3331861607264,2934.482717079796,627.0338165045129,Ottawa - Gatineau (partie du Québec / Quebec part),24505,B,505,0850.00,5050850.00,Quebec / Québec,24,232,0.7807611205911119,66.34102151021388,0.0003403462839919582,122.6949273010577,1.5635205085943404
37,403.6786047304766,665.435544434,477.8822783081784,3809.5875588316057,1832.556450970719,2949.227497869422,847.4971559086104,Ottawa - Gatineau (partie du Québec / Quebec part),24505,B,505,0841.03,5050841.03,Quebec / Québec,24,263,0.7615230131321007,66.48573883837129,0.0,196.58187321756455,0.31810668696894945
38,533.4166910552464,741.1829529615708,622.0489596565259,2875.477842942691,1523.110575634843,2971.22173582341,869.214288747919,Ottawa - Gatineau (partie du Québec / Quebec part),24505,B,505,0841.04,5050841.04,Quebec / Québec,24,264,0.6125025921965678,67.05543067401284,0.018903401917367103,238.7355137624948,1.4963756896691511
39,269.84761301093613,494.481222949348,298.2186340929988,3725.4501201092025,1667.6774629143574,2920.750613969462,672.0313070220072,Ottawa - Gatineau (partie du Québec / Quebec part),24505,B,505,0700.03,5050700.03,Quebec / Québec,24,265,0.8292820730498929,66.1687595555136,0.0011169654657405275,141.3272881465771,1.5323728557133138
40,305.1142293846512,552.5975594190425,354.6584083435651,3825.5646225426212,1764.6399364110457,2932.187610322806,742.0702990718255,Ottawa - Gatineau (partie du Québec / Quebec part),24505,B,505,0700.04,5050700.04,Quebec / Québec,24,266,0.8229166730827533,66.27735801400192,0.0,152.6251887170039,0.5645389069474646
41,600.4310604309201,863.2244362308816,723.1848867448184,3445.1684952199303,1887.8166655989555,2974.909718953341,1055.0093809100647,Ottawa - Gatineau (partie du Québec / Quebec part),24505,B,505,0613.03,5050613.03,Quebec / Québec,24,267,0.6357809442953151,66.61936845975372,0.011364047829271827,226.4315376466566,0.4247712103360818
42,635.6622716145837,874.5708626848941,759.7013250872095,3113.4145940311723,1789.873498803425,2985.6133133021644,1057.1382150478353,Ottawa - Gatineau (partie du Québec / Quebec part),24505,B,505,0613.04,5050613.04,Quebec / Québec,24,268,0.5945988774016835,66.4726904984,0.0,225.8794935498061,0.24714272936202678
43,630.2147383600343,867.3473016217933,745.27803172471,3084.733310945619,1742.4541572012722,2980.948478952253,1009.717284633467,Ottawa - Gatineau (partie du Québec / Quebec part),24505,B,505,0613.05,5050613.05,Quebec / Québec,24,269,0.5993723333427222,66.83265314185252,0.0,218.86273531793856,0.3804179918218992
44,505.2445282523721,784.8707185259836,619.6442889931535,3542.251738319714,1861.1332286360669,2972.513251516388,940.2162430767064,Ottawa - Gatineau (partie du Québec / Quebec part),24505,B,505,0710.02,5050710.02,Quebec / Québec,24,270,0.6900915728154882,66.27030448657166,0.0,177.2767139478697,0.319244478022288
45,336.02535643115067,592.955307016926,389.9697792586265,3946.461549471817,1812.4478705353222,2937.9666103692116,779.7728886239017,Ottawa - Gatineau (partie du Québec / Quebec part),24505,B,505,0822.03,5050822.03,Quebec / Québec,24,276,0.8134463925365407,66.34789452217119,0.0,170.88077668832508,0.16656810510112735
46,368.3330288875659,618.7085433255996,424.8287302461511,3555.679574333067,1569.938490941813,2940.205435662739,676.6217805335939,Ottawa - Gatineau (partie du Québec / Quebec part),24505,B,505,0710.01,5050710.01,Quebec / Québec,24,277,0.7375987164015032,66.55905676960002,0.004129999759488243,193.7301500671852,0.954682241462621
47,515.6438493468519,700.2284900371551,581.1223305917246,2359.6607690253095,1344.1496118563682,2973.3278684940624,775.8522530580499,Ottawa - Gatineau (partie du Québec / Quebec part),24505,B,505,0820.00,5050820.00,Quebec / Québec,24,133,0.5191756941286905,67.66888929233052,0.0,265.35578090202154,5.471588095344454
48,632.1859147869161,851.8408785307288,750.6543669214549,2807.5660957648233,1605.0772725731883,2990.4484118464625,1001.2651956005673,Ottawa - Gatineau (partie du Québec / Quebec part),24505,B,505,0840.00,5050840.00,Quebec / Québec,24,134,0.5562163695810228,66.84970451643517,0.05448443690683718,239.04949516635503,1.196499395473396
49,451.1194384437408,627.7927691461279,492.3277511371654,2368.170180418501,1195.5400352574177,2940.6900505703447,636.9926234163798,Ottawa - Gatineau (partie du Québec / Quebec part),24505,B,505,0610.01,5050610.01,Quebec / Québec,24,146,0.5676722924795204,68.0466965525699,0.0,276.3009305601517,2.9217396308864862
50,516.8662301275191,726.5358391691224,602.3760301471028,2887.5126144651754,1511.8811362652839,2962.284333235413,854.6642865490984,Ottawa - Gatineau (partie du Québec / Quebec part),24505,B,505,0610.02,5050610.02,Quebec / Québec,24,147,0.6239005817027432,66.40053572387478,0.0,243.12197668211286,1.4387423755689692
51,702.4364478916352,946.5900872109104,849.9624698080628,2826.554253298836,1798.732169087143,2997.751574897517,1180.6889969208842,Ottawa - Gatineau (partie du Québec / Quebec part),24505,B,505,0612.01,5050612.01,Quebec / Québec,24,148,0.5279436217941812,66.3652901806292,0.0,245.35974961434226,0.025859048977008036
52,502.9805061338108,745.9154928627685,589.0797381936275,3440.1448661027357,1800.2693468597263,2954.563214127723,940.7963313121066,Ottawa - Gatineau (partie du Québec / Quebec part),24505,B,505,0612.02,5050612.02,Quebec / Québec,24,149,0.6961163819022627,66.90625573190333,0.0,221.21034601814785,0.6876962333977101
53,701.1434451318316,937.8083287120729,841.288715961714,2881.9668385535583,1761.098357231853,2998.6289565793545,1117.0570881736544,Ottawa - Gatineau (partie du Québec / Quebec part),24505,B,505,0613.01,5050613.01,Quebec / Québec,24,150,0.5415908169228076,66.62885755234029,0.022038011969665327,214.16166070103938,0.22205097550611808
54,351.4088097769318,624.1121545035401,424.16352458073004,3865.653233155611,1816.2966754028519,2945.2777705506305,779.4615944481519,Ottawa - Gatineau (partie du Québec / Quebec part),24505,B,505,0620.01,5050620.01,Quebec / Québec,24,151,0.7955768752067708,66.37872551377842,0.00476468952027376,163.15660963452532,0.3888341910481303
55,482.67740372047336,734.2248503056162,577.4237544140683,3519.88266574272,1785.6408758003504,2966.017503143285,908.985122680935,Ottawa - Gatineau (partie du Québec / Quebec part),24505,B,505,0631.00,5050631.00,Quebec / Québec,24,152,0.7074114285587096,66.71353287052219,0.0050790278475130015,202.0087911996721,0.5808843483781578
56,680.7186560923211,914.2815479786979,833.0310348001111,2709.6277524578622,1734.148321615923,3011.0614033683755,1151.9142501590572,Ottawa - Gatineau (partie du Québec / Quebec part),24505,B,505,0510.01,5050510.01,Quebec / Québec,24,163,0.5250800132883482,66.30658669216889,0.0,266.077815079648,0.1436659957665269
57,669.0169045928967,896.3334122039071,816.2668125772275,2605.145177721693,1684.2549294108376,3005.2662243342006,1130.6824933617272,Ottawa - Gatineau (partie du Québec / Quebec part),24505,B,505,0510.02,5050510.02,Quebec / Québec,24,164,0.5208639108456168,66.45251991481982,0.0,239.04308305071373,0.14413597286852275
58,543.8613040497848,792.2946170109964,657.395120395109,3192.361157453097,1781.1722531704108,2977.233801066231,1023.8657153711782,Ottawa - Gatineau (partie du Québec / Quebec part),24505,B,505,0511.01,5050511.01,Quebec / Québec,24,165,0.6418387759700184,66.27870920585895,0.0,242.9499888503928,0.05422632050577919
59,296.41727529250494,519.8751359678716,323.33119309153915,3795.640916699582,1712.5030348264836,2930.7613003188935,689.3837346191802,Ottawa - Gatineau (partie du Québec / Quebec part),24505,B,505,0822.02,5050822.02,Quebec / Québec,24,166,0.824608828347312,66.53071686442448,0.0009125524270315927,161.26066761180638,1.0511109268474554
60,276.3472651895414,504.8934003823283,318.4441362559415,3593.361369847819,1635.0693442267338,2929.368749541662,656.0892224612492,Ottawa - Gatineau (partie du Québec / Quebec part),24505,B,505,0700.01,5050700.01,Quebec / Québec,24,167,0.8203187610575129,66.3287295458808,0.0011270326491414056,119.90439986388188,1.0797949804627265
61,511.73055169460383,666.4435593709338,559.2955637733772,1896.846272019414,1081.6394796304767,2963.9689946629815,666.6320433142606,Ottawa - Gatineau (partie du Québec / Quebec part),24505,B,505,0810.01,5050810.01,Quebec / Québec,24,169,0.4376625733397243,67.40684055607565,0.0,290.6093151635254,6.518779020497336
62,659.4019787476856,913.4620127650157,816.6340898417633,2982.5683887027435,1884.1560368594082,3002.001644900931,1193.5030622896718,Ottawa - Gatineau (partie du Québec / Quebec part),24505,B,505,0810.02,5050810.02,Quebec / Québec,24,170,0.5643421040993805,66.6046178890276,0.0,247.12383962702611,0.17762983402560306
63,418.7666501039973,533.0055841929077,425.1022801033775,1421.728153856693,744.9768896393434,2946.558948788739,442.20758823970766,Ottawa - Gatineau (partie du Québec / Quebec part),24505,B,505,0811.01,5050811.01,Quebec / Québec,24,171,0.39248247244364476,67.77573311559048,0.0,280.6833889831791,12.372672573414862
64,664.7314742192734,899.0271233475426,807.2969184069354,2829.1512447312975,1770.70127496647,3005.3400259842897,1134.8877122449464,Ottawa - Gatineau (partie du Québec / Quebec part),24505,B,505,0811.02,5050811.02,Quebec / Québec,24,172,0.5480254494293316,66.61199288724976,0.0,253.791616773637,0.19631310470351565
65,545.4403405310042,795.4352692714674,660.0983661387314,3195.460607332803,1752.2366551570688,2969.167738408372,994.1178868018832,Ottawa - Gatineau (partie du Québec / Quebec part),24505,B,505,0511.02,5050511.02,Quebec / Québec,24,197,0.6372461486006921,66.75520871123668,0.0,246.90024401798985,1.2444758385717598
66,624.0670055040363,861.8253745202032,761.7317773685721,2687.3247961408233,1644.5733189037583,2984.5125131481236,1037.3731701907786,Ottawa - Gatineau (partie du Québec / Quebec part),24505,B,505,0601.01,5050601.01,Quebec / Québec,24,198,0.5312737567416239,67.19153882043734,0.0,244.9116768216652,1.5731504973510508
67,746.6664021219276,990.0573191871517,892.4602347486482,2974.6209213118655,1752.8338693845155,2995.990382406384,1139.4096510097947,Ottawa - Gatineau (partie du Québec / Quebec part),24505,B,505,0601.02,5050601.02,Quebec / Québec,24,199,0.5208666081958498,67.12303418892672,0.08521125289780918,217.20702018197886,0.08521125289780918
68,677.4787334994928,920.2595015231243,819.4597839933537,2847.6712581925613,1740.464333056402,2999.8415157389477,1109.0389476599275,Ottawa - Gatineau (partie du Québec / Quebec part),24505,B,505,0602.01,5050602.01,Quebec / Québec,24,200,0.5334211817539477,66.11487122680698,0.0,223.650757869473,0.5846247576848521
69,926.8954880265957,1180.127334683912,1140.7903880317906,2471.7759596904043,1875.73082748948,3009.6179315360228,1406.699329904939,Ottawa - Gatineau (partie du Québec / Quebec part),24505,B,505,0602.02,5050602.02,Quebec / Québec,24,201,0.3729380584213302,66.74495870344397,0.0,315.08115318684696,0.09303620591138119
70,418.240471581998,597.2371036032306,454.43749040962064,2485.371636440208,1183.5970141267821,2943.471785701385,592.8577230093997,Ottawa - Gatineau (partie du Québec / Quebec part),24505,B,505,0630.01,5050630.01,Quebec / Québec,24,208,0.6128799467718733,67.50924851746818,0.007016861296028798,236.01080313824892,1.8727567111634777
71,502.176352758871,727.0209427041443,595.7789152821637,3117.1934242168654,1706.1270347776613,2967.049004138796,931.2620058453139,Ottawa - Gatineau (partie du Québec / Quebec part),24505,B,505,0630.02,5050630.02,Quebec / Québec,24,209,0.6695165339533935,66.85286675428101,0.0,227.07379612012306,0.645873560738314
72,319.15678147572754,569.0281759171069,374.6606879302706,3698.3241755823983,1636.1679767055962,2936.406691818568,682.5210219121003,Ottawa - Gatineau (partie du Québec / Quebec part),24505,B,505,0908.00,5050908.00,Quebec / Québec,24,210,0.7851820759382238,66.1793052129019,0.0,163.0480851249803,0.6060907227820768
73,443.1945850901012,598.906710607081,501.9250926742453,1870.212748706046,1079.7894465276988,2959.262776716049,647.3437417075653,Ottawa - Gatineau (Ontario part / partie de l'Ontario),35505,B,505,0029.00,5050029.00,Ontario,35,3,0.4692865487474408,68.43268887989474,0.0,234.53974874089005,10.3692227693182
74,424.9915241772246,569.151902526871,461.8471534667914,1825.7496842287142,977.343737377905,2955.667428824026,568.079399260205,Ottawa - Gatineau (Ontario part / partie de l'Ontario),35505,B,505,0030.00,5050030.00,Ontario,35,4,0.4878207771122404,67.3150981089522,0.0,263.6556034519659,7.846289619276719
75,436.238295854514,567.3929992415301,458.543239190639,1682.1853649102227,887.9032758674925,2953.812639300391,528.5032348565258,Ottawa - Gatineau (Ontario part / partie de l'Ontario),35505,B,505,0031.00,5050031.00,Ontario,35,5,0.45497026595350804,67.1874445856785,0.0,318.9663826579531,4.880965668461282
76,657.305526634593,867.7306854203514,793.8480339981502,2622.6937979695545,1670.904898845441,3004.2534301981295,1111.4049820604018,Ottawa - Gatineau (Ontario part / partie de l'Ontario),35505,B,505,0034.00,5050034.00,Ontario,35,6,0.5311000639003353,66.99451555345686,0.0,275.3925036866164,0.3138287784430674
77,759.2762640391857,988.3520858893773,945.2288911527504,2317.680652496855,1684.1166533673554,3016.9465525343876,1261.3419048189767,Ottawa - Gatineau (Ontario part / partie de l'Ontario),35505,B,505,0035.00,5050035.00,Ontario,35,7,0.4150134259241449,66.24128001412988,0.0,321.7570925285199,0.741461368388849
78,574.4553216054446,775.5137483669067,699.3791207121806,2463.7357609455244,1517.6541640081425,3005.1923920639274,994.0724759213691,Ottawa - Gatineau (Ontario part / partie de l'Ontario),35505,B,505,0036.00,5050036.00,Ontario,35,8,0.5486695769940988,66.09297238173369,0.0,231.1378330750767,0.22050253699146236
79,747.7594603913462,948.461283510043,913.1268856133097,2013.338979398328,1545.9362727351104,3016.8651064563414,1197.0819282820448,Ottawa - Gatineau (Ontario part / partie de l'Ontario),35505,B,505,0037.00,5050037.00,Ontario,35,9,0.3690171195510266,66.09891388673391,0.0,324.6176407206277,0.1910093957417465
80,816.6646734341194,1022.6980967967132,1003.4597729431551,1879.3835074789138,1553.9902436512202,3022.715343503586,1270.1165325764762,Ottawa - Gatineau (Ontario part / partie de l'Ontario),35505,B,505,0038.00,5050038.00,Ontario,35,10,0.3042674545538425,66.1313244601105,0.0,401.3654825530162,0.06285263049474128
81,674.5900397768552,873.5333485216061,826.7407177074736,2154.9294053175363,1519.3173835942014,3017.957988005369,1123.6481841803873,Ottawa - Gatineau (Ontario part / partie de l'Ontario),35505,B,505,0039.00,5050039.00,Ontario,35,11,0.43687513102529363,66.0,0.0,304.9066475376525,0.04573106904917303
82,634.8349882779269,830.0999071326055,781.7795860582012,2137.5689394283786,1489.428885006786,3019.7878532045743,1085.2203100342247,Ottawa - Gatineau (Ontario part / partie de l'Ontario),35505,B,505,0040.00,5050040.00,Ontario,35,12,0.4603941691082965,66.04968080892044,0.0,268.5327860867759,0.05464888981251178
83,713.3847753870203,930.6714332240488,884.9363050133533,2201.6414269275037,1582.6637470959884,3021.003547777753,1178.5283453112445,Ottawa - Gatineau (Ontario part / partie de l'Ontario),35505,B,505,0041.00,5050041.00,Ontario,35,13,0.41998406353492146,66.39160171092344,0.0,312.8047245804112,0.23915582864711116
84,766.5909982614675,987.7158206520572,945.0077568629132,2172.417011869245,1586.4653259213144,3021.81383958275,1210.8673821124241,Ottawa - Gatineau (Ontario part / partie de l'Ontario),35505,B,505,0042.00,5050042.00,Ontario,35,24,0.3812226650031898,67.21504153162623,0.0,342.93227876628515,0.12063274022879952
85,685.1249228159461,886.3733095843942,825.6390873621716,2293.9914910941507,1563.8662663273972,3018.6591382527577,1127.87580322307,Ottawa - Gatineau (Ontario part / partie de l'Ontario),35505,B,505,0043.00,5050043.00,Ontario,35,25,0.465774870094503,66.39857506361321,0.0,307.35132145886365,0.2534351145038169
86,541.4759563260437,741.7040509018427,648.7500684458947,2760.2185450045445,1600.3086928111732,3002.4115733794765,978.6314398460967,Ottawa - Gatineau (Ontario part / partie de l'Ontario),35505,B,505,0044.00,5050044.00,Ontario,35,26,0.6141072189241217,66.41209904394773,0.0,235.44524875976057,0.3228894023852027
87,503.189979799995,666.3014203308355,562.1701289308955,1997.6489970975686,1166.5554540972632,2965.371848425149,724.0681994755287,Ottawa - Gatineau (Ontario part / partie de l'Ontario),35505,B,505,0045.00,5050045.00,Ontario,35,27,0.4780051851079268,67.29329237061349,0.0,308.74628227828435,3.871095480992238
88,584.1619276441687,772.9222776926895,689.3389219503262,2141.85343910395,1366.2512714688241,2979.9151184950492,918.8906984991806,Ottawa - Gatineau (Ontario part / partie de l'Ontario),35505,B,505,0046.00,5050046.00,Ontario,35,28,0.48023335180638743,66.6876064428882,0.0,291.9846118171581,2.8494288620500186
89,580.7403364225261,792.0997919523384,705.7700758113074,2166.5723162639683,1420.187400507512,2971.3691427490658,922.5284430311913,Ottawa - Gatineau (Ontario part / partie de l'Ontario),35505,B,505,0047.00,5050047.00,Ontario,35,29,0.4510968925424709,67.33280139328892,0.0,272.5898978675115,4.015905007328951
90,695.2284171397079,890.7843553802397,828.5201441119663,1922.401394019975,1392.840345136057,2988.430782263697,1043.9482328621725,Ottawa - Gatineau (Ontario part / partie de l'Ontario),35505,B,505,0048.00,5050048.00,Ontario,35,30,0.36519969707412864,66.97298800102705,0.0,350.46542343111435,2.955340336141325
91,576.6718427211258,766.9992224483733,697.5776979898006,2283.862785006974,1444.3295522979704,3002.1724487540127,984.8401292870153,Ottawa - Gatineau (Ontario part / partie de l'Ontario),35505,B,505,0049.00,5050049.00,Ontario,35,31,0.5247837813266482,66.0,0.0,219.33882193305445,0.11719685015360456
92,779.179417794178,1010.7255815224819,980.1725133251333,2222.190252835862,1669.7826103594373,3008.4791526581935,1265.254191608583,Ottawa - Gatineau (Ontario part / partie de l'Ontario),35505,B,505,0050.00,5050050.00,Ontario,35,32,0.37925954715042665,66.04182041820418,0.0,321.30332103321047,0.08935902692360258
93,617.3260183782528,814.2085615355164,755.5629754790166,2310.489520733798,1535.317549233407,3012.871235704418,1090.7611201744603,Ottawa - Gatineau (Ontario part / partie de l'Ontario),35505,B,505,0051.00,5050051.00,Ontario,35,33,0.5016404060379205,66.06367465166221,0.0,240.3717600839009,0.12585107622646538
94,499.63971008213025,687.1140534010856,598.7683184632245,2428.8540759852676,1394.433189556128,2991.266046914698,864.805611906591,Ottawa - Gatineau (Ontario part / partie de l'Ontario),35505,B,505,0052.00,5050052.00,Ontario,35,34,0.5792045380780838,66.05965112691132,0.0,221.52671367327773,1.6927533662904817
95,437.6048598567756,727.2342244133247,566.8136884903355,3485.4650651310044,1865.6951932680267,2962.5257053202745,903.3736132656176,Ottawa - Gatineau (Ontario part / partie de l'Ontario),35505,B,505,0171.09,5050171.09,Ontario,35,35,0.709238644722369,66.44637582609072,0.010171628523059703,167.2366755916332,0.2632061171437274
96,728.2979334237813,946.0129251865494,904.0522519139454,2265.113395193333,1657.005281519527,3012.2642455664304,1221.5709371063097,Ottawa - Gatineau (Ontario part / partie de l'Ontario),35505,B,505,0053.00,5050053.00,Ontario,35,36,0.4166643604935289,66.99155683690276,0.0,322.71129712181425,0.38473325903672834
97,821.457931852353,1048.9381969886285,1036.549145507295,2071.944550094237,1654.959789076894,3012.4481353635006,1308.082645433175,Ottawa - Gatineau (Ontario part / partie de l'Ontario),35505,B,505,0054.00,5050054.00,Ontario,35,37,0.31809922218763254,66.32226339975855,0.0,404.27434404184544,0.5185658922936824
98,599.5500916052775,771.1941725245501,692.3908875107649,1716.0952592672102,1127.9714017779352,2973.043531032089,808.6761465991066,Ottawa - Gatineau (Ontario part / partie de l'Ontario),35505,B,505,0055.00,5050055.00,Ontario,35,38,0.3781468505417121,67.95162423694217,0.0,333.065092129101,5.127002987073054
99,625.9724484476975,837.4913408811327,775.8319968307592,2223.2214299118054,1478.8556660620093,3002.3577990450585,1035.4524843101694,Ottawa - Gatineau (Ontario part / partie de l'Ontario),35505,B,505,0056.00,5050056.00,Ontario,35,39,0.4682483731640889,66.97289047350978,0.0,275.38045912303744,1.400408665373951
100,548.3912898672547,742.8694114475132,660.7990658652253,2221.8563668659694,1364.7095776568929,2996.62294418981,920.0732161832115,Ottawa - Gatineau (Ontario part / partie de l'Ontario),35505,B,505,0057.00,5050057.00,Ontario,35,40,0.5352548508784541,66.1034526509445,0.0,247.57792650627266,0.6940589662664745
101,440.5272294037846,616.6197211065623,496.2771981171269,2510.4171287358363,1318.6381844060622,2968.1991183002756,739.1946497312688,Ottawa - Gatineau (Ontario part / partie de l'Ontario),35505,B,505,0058.00,5050058.00,Ontario,35,41,0.599523413718415,66.57709950158267,0.0,245.43209627279958,2.2520286268744876
102,393.38162721611485,549.9709356202764,413.2915822771747,2216.840276610818,1048.4881638517181,2947.7314748482436,544.1433211183531,Ottawa - Gatineau (Ontario part / partie de l'Ontario),35505,B,505,0059.00,5050059.00,Ontario,35,42,0.5722255170233981,67.1732080192373,0.0,280.8600131878543,3.2236864474652664
103,468.5258323808254,698.1391142232521,569.2390979473923,3224.1589337831365,1776.0400090257044,2963.9182137982307,948.412692952182,Ottawa - Gatineau (Ontario part / partie de l'Ontario),35505,B,505,0060.00,5050060.00,Ontario,35,43,0.683864724457807,66.548422536149,0.0,209.73263754027346,1.0402605617391496
104,624.0723353306406,845.6202752341693,760.1177820661914,2712.351371197173,1696.5872789653292,3010.7631969702147,1096.6270665622496,Ottawa - Gatineau (Ontario part / partie de l'Ontario),35505,B,505,0061.00,5050061.00,Ontario,35,44,0.5525035728298476,66.27715129559726,0.0,254.12981655275428,0.4413766410869018
105,506.3786863951692,737.568525587065,614.3890424080575,3038.527119677224,1690.0723607442453,2976.720172854198,950.7790136715922,Ottawa - Gatineau (Ontario part / partie de l'Ontario),35505,B,505,0003.00,5050003.00,Ontario,35,45,0.6429504899290839,66.70134684044004,0.0,223.57389408144874,1.551196627093552
106,553.6227754428747,788.4260470787692,680.3237613630292,2878.022843156472,1671.646697943899,2984.9754156367508,1010.3656521506712,Ottawa - Gatineau (Ontario part / partie de l'Ontario),35505,B,505,0004.00,5050004.00,Ontario,35,46,0.5987021070082756,66.29393046882755,0.0,235.98236391730805,1.3343104286576166
107,564.7933030781634,778.5521506285702,686.0765180487615,2716.750247672103,1642.9614652962512,2996.9842028033604,1034.2379651128304,Ottawa - Gatineau (Ontario part / partie de l'Ontario),35505,B,505,0005.00,5050005.00,Ontario,35,47,0.5835644389975626,66.21245982879321,0.06273627698857083,245.3105324895273,0.3241121696515457
108,466.29804096522713,678.6123354342369,549.1989512500879,3156.4319425480835,1654.166404736141,2983.5401081318564,884.3248291830744,Ottawa - Gatineau (Ontario part / partie de l'Ontario),35505,B,505,0006.00,5050006.00,Ontario,35,48,0.6912652525495753,66.29759097789854,0.0,208.2288893792389,1.3520972589315723
109,550.4514052241198,788.8934428190279,671.2815982062124,3078.6709289326445,1731.600826405423,3000.050566698511,1000.2073221880763,Ottawa - Gatineau (Ontario part / partie de l'Ontario),35505,B,505,0008.00,5050008.00,Ontario,35,49,0.6306554567691051,66.20854696492957,0.0,239.76146354454886,0.17931817565660318
110,545.9106067322615,754.8424866771393,650.8985848374758,2834.5764341951844,1597.3100299704151,3004.109247463115,955.437963168191,Ottawa - Gatineau (Ontario part / partie de l'Ontario),35505,B,505,0009.00,5050009.00,Ontario,35,50,0.6180620623071833,66.36166870645374,0.0,251.21748065414536,0.20503474062581317
111,590.040804278922,809.1289064976229,724.6879714738515,2686.008506339144,1613.1854833597456,3012.93236925515,1029.4779358161652,Ottawa - Gatineau (Ontario part / partie de l'Ontario),35505,B,505,0010.00,5050010.00,Ontario,35,51,0.5726399937439739,66.07464342313786,0.0,246.25230190174332,2.4109825673534075
112,747.0780374470413,978.6678023129446,923.0844250506,2478.3369778142246,1719.0127394131089,3011.4535458846667,1234.1001630254398,Ottawa - Gatineau (Ontario part / partie de l'Ontario),35505,B,505,0012.00,5050012.00,Ontario,35,52,0.4537498381856802,67.40143306194967,0.0,312.42331784428944,0.6150142850634855
113,610.0617118788361,830.3023721956317,752.1904776566544,2588.2118780664655,1618.050602940112,2994.235389113056,1066.872451956457,Ottawa - Gatineau (Ontario part / partie de l'Ontario),35505,B,505,0013.00,5050013.00,Ontario,35,53,0.5392419853812455,66.63756625567495,0.0,244.6557399005801,0.9859506409654434
114,574.1665545750762,799.8794396966567,700.7840072357053,2664.3696587390855,1631.9681582578644,2983.561886153594,1030.267025359756,Ottawa - Gatineau (Ontario part / partie de l'Ontario),35505,B,505,0014.00,5050014.00,Ontario,35,54,0.5621455005966105,66.31306021637539,0.0,241.5066269321305,2.2910690059022003
115,592.3235428783571,809.1188054283715,711.8059976075579,2686.8327991585224,1628.7044425194922,2988.313572990147,1019.7653198861539,Ottawa - Gatineau (Ontario part / partie de l'Ontario),35505,B,505,0015.00,5050015.00,Ontario,35,55,0.5602562671293321,66.23666625417648,0.0,251.99176875799228,1.8832714598028322
116,497.5396392047734,681.8276695661349,583.2470124271306,2497.4849180090805,1385.9475985092924,2986.9264710193243,837.6960854245526,Ottawa - Gatineau (Ontario part / partie de l'Ontario),35505,B,505,0016.00,5050016.00,Ontario,35,56,0.6042299895035255,66.15265104953461,0.0,224.03531149905325,2.4863094412188294
117,539.2789231579894,745.2164982221951,636.22539674251,2676.163503486776,1538.635576042117,2986.909528940961,938.0056040027918,Ottawa - Gatineau (Ontario part / partie de l'Ontario),35505,B,505,0017.00,5050017.00,Ontario,35,57,0.5976854997525793,66.10410010776015,0.0,239.1539735963884,2.6470024162959938
118,651.0803388333284,850.3893806984893,789.4175537117078,2251.10589961195,1531.189301826672,3008.0235795185677,1092.3488784427543,Ottawa - Gatineau (Ontario part / partie de l'Ontario),35505,B,505,0018.00,5050018.00,Ontario,35,58,0.4760767253268035,66.30353661229772,0.0,282.4640880840457,0.42218506483263424
119,515.8546697352375,702.9727546323624,603.9535052519768,2394.129662850623,1364.4164089854041,2983.7212577206033,838.0792733781819,Ottawa - Gatineau (Ontario part / partie de l'Ontario),35505,B,505,0019.00,5050019.00,Ontario,35,59,0.57036936407836,66.80455958141549,0.0,238.01642668869752,2.709400448483418
120,550.1057345448179,799.4253809259487,655.7527356329301,3514.989344850243,1902.3958674937383,2986.8483237404143,1043.9153196602858,Ottawa - Gatineau (Ontario part / partie de l'Ontario),35505,B,505,0021.00,5050021.00,Ontario,35,60,0.6652700065790091,66.99689094433948,0.0,231.54167675786772,0.845102281326082
121,673.7799032288025,901.6141537023849,829.9817998091602,2592.395479788666,1747.4140458973588,3002.669749289978,1197.0129858614969,Ottawa - Gatineau (Ontario part / partie de l'Ontario),35505,B,505,0022.00,5050022.00,Ontario,35,61,0.5014435135050785,66.97256742036357,0.0,283.4034553903919,0.962375200902972
122,460.9772849230317,734.0873268255351,578.5037358789036,3584.802269641219,1854.9572937421542,2968.920736373527,904.135310559152,Ottawa - Gatineau (Ontario part / partie de l'Ontario),35505,B,505,0171.10,5050171.10,Ontario,35,62,0.7020870178231721,66.3671485299127,0.0,177.89053204048435,0.2007108960509924
123,519.3153896794447,740.329049982276,623.2695906792352,3101.0281218123546,1668.0482713468234,2993.3484670365856,923.1694615456953,Ottawa - Gatineau (Ontario part / partie de l'Ontario),35505,B,505,0024.00,5050024.00,Ontario,35,63,0.653135240825299,66.32668615124183,0.0,201.8419868479119,0.23517496328556242
124,588.7896395145025,806.6921333538515,720.3321734855189,2809.10981347169,1683.9062202085331,3003.5262074975067,1047.8753669909045,Ottawa - Gatineau (Ontario part / partie de l'Ontario),35505,B,505,0025.00,5050025.00,Ontario,35,64,0.5833941480952307,66.50081842219396,0.0,239.86443071191746,0.377127747810046
125,593.8504468925378,817.6442572241479,730.0400873446381,2854.095462235959,1733.8010283333658,3006.530571740835,1062.7405620631935,Ottawa - Gatineau (Ontario part / partie de l'Ontario),35505,B,505,0026.00,5050026.00,Ontario,35,65,0.5860907845579694,66.33680879168034,0.0,237.4082858950034,0.11998265623358657
126,661.3240910297233,877.1543524416132,795.4042296974519,2757.2422438959625,1782.8958930467081,3011.481621549893,1158.1603702229293,Ottawa - Gatineau (Ontario part / partie de l'Ontario),35505,B,505,0027.00,5050027.00,Ontario,35,66,0.5438980558101133,67.17152335456477,0.0,247.37864583333328,0.20813428874734596
127,564.5714553810845,784.9547330648887,696.6138128387304,2886.719829915221,1723.272306938536,3006.7614681903406,1041.31609268512,Ottawa - Gatineau (Ontario part / partie de l'Ontario),35505,B,505,0028.00,5050028.00,Ontario,35,67,0.602879222995308,66.45456366024854,0.0,225.08819495262347,0.2673671244160578
128,690.7316544881317,905.338500782025,832.6483306114592,2486.1785236753694,1700.7267797847833,3009.2701611908496,1199.455493662392,Ottawa - Gatineau (Ontario part / partie de l'Ontario),35505,B,505,0100.00,5050100.00,Ontario,35,69,0.4816204073025138,66.57563931142347,0.0,287.8829824500812,0.646041277093335
129,628.1573815009875,827.1993058167967,755.6608083325498,2281.2748430593433,1477.812808591178,2998.5954516599277,1027.8535896501455,Ottawa - Gatineau (Ontario part / partie de l'Ontario),35505,B,505,0101.00,5050101.00,Ontario,35,70,0.48797036985637465,66.98216049092451,0.0,300.8162706903035,1.0757635427442869
130,690.2177328973008,891.4793813544228,833.1358445454708,2339.5372457512667,1583.7054996465383,3010.695550970442,1144.491393331917,Ottawa - Gatineau (Ontario part / partie de l'Ontario),35505,B,505,0102.00,5050102.00,Ontario,35,71,0.4660707081601176,66.00068968291828,0.0,307.44251205508294,0.5248429534521506
131,587.1385665428388,793.8005749159744,707.8500000000003,2644.3110089038273,1620.9811457043468,3000.1352438233375,1047.499834895925,Ottawa - Gatineau (Ontario part / partie de l'Ontario),35505,B,505,0103.00,5050103.00,Ontario,35,72,0.5592712005313344,66.09021758358394,0.0,275.13722212394606,0.3648210389763548
132,684.0732694557756,902.8827435727158,854.9958384719974,2316.1318597223512,1665.0465294247847,3025.5180533156213,1220.4959048793592,Ottawa - Gatineau (Ontario part / partie de l'Ontario),35505,B,505,0104.00,5050104.00,Ontario,35,73,0.45484227261685944,66.06526894981499,0.0,303.13055687316177,0.1409859912089301
133,381.73249241522257,576.5713035695736,434.8494511524335,3068.6916158573144,1511.4761762065725,2967.116612461145,769.1487921624412,Ottawa - Gatineau (Ontario part / partie de l'Ontario),35505,B,505,0110.00,5050110.00,Ontario,35,74,0.7380803779246632,66.02800840651742,0.0,196.53084121111385,1.313883273001388
134,637.6397537247101,866.7554667443162,787.4417327770689,2788.165605127936,1720.2320732620651,3004.8289627776903,1104.0355781836295,Ottawa - Gatineau (Ontario part / partie de l'Ontario),35505,B,505,0132.00,5050132.00,Ontario,35,75,0.5531897027183912,66.70701149615287,0.0,250.47162964102608,0.5728875930303378
135,633.9296297482509,859.7298093105865,783.6131475169668,2766.5351515483353,1707.527024751294,3001.2766437753985,1095.048910589736,Ottawa - Gatineau (Ontario part / partie de l'Ontario),35505,B,505,0133.00,5050133.00,Ontario,35,76,0.5571398142561007,66.62444919925326,0.0,247.17911497878413,0.44911246821757017
136,541.1217807513658,773.0900325702974,669.5636027536042,3081.822894476594,1729.5786257124003,2994.7437186719453,988.109867325004,Ottawa - Gatineau (Ontario part / partie de l'Ontario),35505,B,505,0134.00,5050134.00,Ontario,35,77,0.6326376622221399,66.16821941789357,0.0,204.2107083011944,0.3884279935294644
137,633.0886354467857,835.5958189553338,757.1965897822041,2366.305174151264,1474.0622302869383,2982.6806275906515,954.2202465810227,Ottawa - Gatineau (Ontario part / partie de l'Ontario),35505,B,505,0138.00,5050138.00,Ontario,35,80,0.47886934699940803,67.80502387538192,0.0,259.27157664311017,4.942917666496836
138,300.24870675849405,412.60190922147035,303.3026517274096,1285.2372691443964,583.8962034463613,2931.2484826623763,298.12119534223666,Ottawa - Gatineau (Ontario part / partie de l'Ontario),35505,B,505,0139.00,5050139.00,Ontario,35,81,0.41305772803332996,67.95693797099352,0.0,202.82741828084622,16.442131231508593
139,565.0273105211456,811.9215270443653,690.2103245777669,3249.6883017176738,1785.2019995253631,2994.039617983628,1003.9919160479222,Ottawa - Gatineau (Ontario part / partie de l'Ontario),35505,B,505,0141.05,5050141.05,Ontario,35,84,0.6340106479376008,66.66896168963117,0.0,256.9435201214768,0.46688274298421706
140,475.93925463953326,715.3691735525194,543.8085240022286,4027.7905293419785,1849.9415498128947,2958.4256411950155,881.8855704748622,Ottawa - Gatineau (Ontario part / partie de l'Ontario),35505,B,505,0141.08,5050141.08,Ontario,35,85,0.7368034765635834,66.57003496146096,0.0,220.10023139652512,0.4824633209316338
141,602.3459302287745,832.4796651356036,739.2407801007664,2644.9665929551943,1593.8358685480232,2991.35148136627,980.0905050168483,Ottawa - Gatineau (Ontario part / partie de l'Ontario),35505,B,505,0141.09,5050141.09,Ontario,35,86,0.545835330637992,66.58125680876628,0.0,212.33467437014443,1.2200671342724492
142,462.3012260577667,684.2757965785265,549.9797871003641,3144.5306945267175,1573.658947708546,2961.2366094027702,818.0616565243147,Ottawa - Gatineau (Ontario part / partie de l'Ontario),35505,B,505,0011.03,5050011.03,Ontario,35,87,0.6750189253401316,66.76255407758451,0.0,211.50729172276363,2.8517654872816713
143,585.9603262355263,820.1075862085797,712.1203149102766,3057.192944174331,1789.959564710134,2990.6375309979876,1070.324208452932,Ottawa - Gatineau (Ontario part / partie de l'Ontario),35505,B,505,0011.04,5050011.04,Ontario,35,88,0.6104766130040944,66.55415617128457,0.0,245.76877941147742,0.903432722160389
144,682.2720053773538,914.985587821491,849.0171035766475,2582.510856757205,1761.231849390558,3014.35598842889,1188.317544160428,Ottawa - Gatineau (Ontario part / partie de l'Ontario),35505,B,505,0023.02,5050023.02,Ontario,35,89,0.48894554978472565,66.97388336911884,0.0,301.1846723651376,0.7613472774426001
145,502.25714945415984,752.0618039241745,594.5989921058199,3585.4325889866295,1813.293788384202,2970.285898577365,925.453848871847,Ottawa - Gatineau (Ontario part / partie de l'Ontario),35505,B,505,0141.04,5050141.04,Ontario,35,90,0.7008485395140382,66.28308322561118,0.0,222.73657350962992,0.672538469477178
146,384.7217226960652,637.7969913809983,459.8416998501399,3704.1170551871037,1839.8483522311901,2944.1589129218673,853.1552129747467,Ottawa - Gatineau (Ontario part / partie de l'Ontario),35505,B,505,0126.03,5050126.03,Ontario,35,91,0.7734039268997649,66.66255758504889,0.0,178.0623535565736,0.3525503058782201
147,357.9913490760816,605.3072557737197,421.6249453481179,3930.4041005092827,1826.9204268955623,2942.255814680303,805.0739595416077,Ottawa - Gatineau (Ontario part / partie de l'Ontario),35505,B,505,0126.04,5050126.04,Ontario,35,92,0.8018142686964727,66.42728717946105,0.0012610294625643704,179.37340973203501,0.31658153748144663
148,416.78979955772803,606.2478438186662,470.3871106396918,2192.380616087961,1041.7167301395846,2941.8941460818996,547.2537777983966,Ottawa - Gatineau (Ontario part / partie de l'Ontario),35505,B,505,0171.05,5050171.05,Ontario,35,93,0.5478137193115489,66.66126619684051,0.0,241.21350342388246,1.716839090882252
149,341.8984761989824,585.7381222618317,381.91746176900534,4144.0391349763095,1788.5165825082258,2938.409067940543,729.097574631044,Ottawa - Gatineau (Ontario part / partie de l'Ontario),35505,B,505,0171.06,5050171.06,Ontario,35,94,0.8119863900166182,66.2597679708934,0.0077327701719912215,189.31901960400612,0.34731618260714825
150,723.2938289221919,965.7481414879718,880.362751523291,3104.9982211231154,1991.2910901190003,2996.4672753374257,1280.1291504436965,Ottawa - Gatineau (Ontario part / partie de l'Ontario),35505,B,505,0001.08,5050001.08,Ontario,35,95,0.5570576153379838,67.69025588708165,0.24642771819490808,283.69659118546605,1.0610005187045732
151,360.22568467968875,604.5522658414488,407.155741919621,4321.182150812415,1883.809440242851,2940.9157110824735,783.4723556673518,Ottawa - Gatineau (Ontario part / partie de l'Ontario),35505,B,505,0171.03,5050171.03,Ontario,35,96,0.8220510673055395,66.36677763441455,0.0032777175941973544,190.4396558898258,0.2556821219870118
152,564.6997824178345,789.0057385705747,703.1052156099302,2811.0933923731736,1658.6404906414232,3005.680095685259,1010.8683640620428,Ottawa - Gatineau (Ontario part / partie de l'Ontario),35505,B,505,0001.07,5050001.07,Ontario,35,97,0.5861137308363968,66.08222315532315,0.0,275.70328154623326,0.09330839409092649
153,522.869895985476,721.477822390039,622.9090012791996,2792.971819029008,1568.8635848834533,2996.0644982664253,918.6394973499549,Ottawa - Gatineau (Ontario part / partie de l'Ontario),35505,B,505,0023.01,5050023.01,Ontario,35,98,0.6289005388977912,66.11917969179596,0.0,206.9320905356623,0.2198486184455512
154,442.2729595005699,658.3723348160838,528.2749008196099,3316.2191490177115,1692.188677973628,2970.6803497281608,867.4564993881347,Ottawa - Gatineau (Ontario part / partie de l'Ontario),35505,B,505,0135.02,5050135.02,Ontario,35,99,0.7121010666878049,66.35365969694807,0.0,196.91339325124045,0.7580064543241598
155,348.92943574517386,590.692523319545,396.12001691124243,4295.866616410199,1890.0735860305817,2943.4260411435366,791.8162394444842,Ottawa - Gatineau (Ontario part / partie de l'Ontario),35505,B,505,0191.02,5050191.02,Ontario,35,104,0.8254486378216254,66.47685614802346,0.00019668719468742105,209.09023140754627,0.35438604610410523
156,708.7471039936603,935.0129637011589,869.2918658802352,2714.1230346184047,1704.2004826478305,3015.9609107769875,1111.8118723728264,Ottawa - Gatineau (Ontario part / partie de l'Ontario),35505,B,505,0141.10,5050141.10,Ontario,35,105,0.5116533575090217,67.39638467652803,0.0,261.0461642387076,0.5178033078801445
157,774.3632242224993,1031.0845674817047,986.2848129942519,2564.3080207790003,1820.56573519417,3022.4148661535137,1276.2671292418083,Ottawa - Gatineau (Ontario part / partie de l'Ontario),35505,B,505,0141.11,5050141.11,Ontario,35,106,0.44172078190843195,67.90478222615599,0.0,303.36072168044376,0.7031827066441173
158,683.3831202233138,933.3794943428496,868.5550912071262,2682.7632478378464,1746.584576062331,3018.4284917388914,1147.5859020463588,Ottawa - Gatineau (Ontario part / partie de l'Ontario),35505,B,505,0170.12,5050170.12,Ontario,35,107,0.5030320377729055,66.4510174641241,0.0,214.0987103662233,0.06057460832032118
159,673.6893503499324,921.0190245942808,848.6872509601358,2715.4835040797025,1733.8186219277165,3019.499728820479,1117.4595622301965,Ottawa - Gatineau (Ontario part / partie de l'Ontario),35505,B,505,0170.13,5050170.13,Ontario,35,108,0.51187771414891,66.23901823006825,0.0,208.43120145536346,0.04944873506261144
160,634.3432956176504,878.874031627942,786.2042508562856,2991.607809712711,1786.2079564141459,3004.156249702952,1098.1034577813539,Ottawa - Gatineau (Ontario part / partie de l'Ontario),35505,B,505,0161.05,5050161.05,Ontario,35,109,0.5713823768650172,66.53045401401107,0.0,239.91917796500078,0.17114956258891587
161,339.8826550576909,583.6883841527032,394.32266288257097,3890.571001505472,1783.8830502306228,2942.4666562698235,766.9495266701495,Ottawa - Gatineau (Ontario part / partie de l'Ontario),35505,B,505,0191.01,5050191.01,Ontario,35,110,0.8107629839531506,66.21585123804907,0.0007756441157222997,181.74202475939651,0.21095244978385563
162,516.2310455718211,770.248031119106,638.1636191407526,3412.954959256394,1827.3793400594654,2973.716587111412,980.5088310802962,Ottawa - Gatineau (Ontario part / partie de l'Ontario),35505,B,505,0161.06,5050161.06,Ontario,35,113,0.666879575211341,66.40018485586218,0.0,227.22273471779488,0.4574837900047619
163,608.9548091196144,859.0158817120313,767.715233536806,2914.1203103541466,1818.5636014999473,2993.1132930830445,1152.7925666529704,Ottawa - Gatineau (Ontario part / partie de l'Ontario),35505,B,505,0001.01,5050001.01,Ontario,35,118,0.5680199159648255,66.6822682801331,0.0,260.6690715658002,0.881246845806357
164,460.39671368134225,691.2677635398929,544.9644963228369,3017.0849717629444,1608.227268568087,2957.6773469774166,840.4651121702502,Ottawa - Gatineau (Ontario part / partie de l'Ontario),35505,B,505,0062.02,5050062.02,Ontario,35,119,0.6333666271131064,66.72537000390894,0.0,250.92034337341036,1.0240979553697218
165,418.440091711033,637.8120654412631,504.0014083083981,3357.755776629232,1678.3706726771084,2975.0321112967827,869.9726623401862,Ottawa - Gatineau (Ontario part / partie de l'Ontario),35505,B,505,0120.01,5050120.01,Ontario,35,120,0.7322614921052857,66.13369603233204,0.0,191.72719542999263,0.10612987214860306
166,462.2832591141191,685.786922574516,539.3689466809167,3361.2957784111145,1734.6412035387712,2981.8084669279165,896.081296758104,Ottawa - Gatineau (Ontario part / partie de l'Ontario),35505,B,505,0007.01,5050007.01,Ontario,35,124,0.7070102337852654,66.0,0.0,203.6958229426432,1.6278440802755008
167,704.0694056406786,933.5952474781637,881.3946651766023,2416.4292680057642,1746.846801752787,3004.05057200835,1242.5868364556072,Ottawa - Gatineau (Ontario part / partie de l'Ontario),35505,B,505,0007.02,5050007.02,Ontario,35,125,0.4595897935470006,67.8887745198953,0.0,300.47090550833747,0.46720583477928407
168,757.3357059603236,1015.1446963156518,950.0173451720206,2721.68228537215,1898.4230757680023,3006.319017380891,1351.9192018084896,Ottawa - Gatineau (Ontario part / partie de l'Ontario),35505,B,505,0011.01,5050011.01,Ontario,35,126,0.47300388051328873,67.2182179312054,0.0,318.41666822095027,0.4568234259085679
169,580.153117507937,823.9857421326597,726.0124557225855,3022.0026674442215,1821.2016822717565,2998.5673367675345,1089.2771374651722,Ottawa - Gatineau (Ontario part / partie de l'Ontario),35505,B,505,0062.01,5050062.01,Ontario,35,127,0.6003876601333019,66.46384371152722,0.022030713406337072,253.52401104775504,0.47572706753925564
170,449.8479547959903,630.4054682219822,499.63025796117,2205.2353215110556,1109.2849718416294,2951.0604917926344,607.299746292266,Ottawa - Gatineau (Ontario part / partie de l'Ontario),35505,B,505,0120.02,5050120.02,Ontario,35,128,0.5428310816609745,67.5456022648112,0.0,301.4067373369945,2.3149983420432085
171,448.628904473023,699.9374501777135,554.0547181309396,3514.229448394378,1924.2203564496972,2956.8482865922665,961.0893034595776,Ottawa - Gatineau (Ontario part / partie de l'Ontario),35505,B,505,0127.00,5050127.00,Ontario,35,129,0.7233709480916737,66.69437678260759,0.013881562648616255,187.71772467377215,0.7410739510763117
172,636.2807793222076,871.6754491559058,792.8282767323198,2809.0164252127593,1758.8617548626967,3012.1190928777282,1125.4659425738796,Ottawa - Gatineau (Ontario part / partie de l'Ontario),35505,B,505,0131.01,5050131.01,Ontario,35,130,0.5523032167959473,66.96460325502885,0.0,245.44135558431418,0.8446519223259612
173,625.584555132879,852.7203818178617,773.8106078617848,2830.6389307162626,1709.6115227805078,2999.122017047956,1092.5513221852375,Ottawa - Gatineau (Ontario part / partie de l'Ontario),35505,B,505,0160.05,5050160.05,Ontario,35,213,0.5678240645768574,66.73334390024834,0.0,219.77914487240463,0.6371827724062628
174,616.986853672314,845.2676696604948,759.0101079315843,2749.702584809356,1640.8548355288442,3006.535305895289,1016.4986111621771,Ottawa - Gatineau (Ontario part / partie de l'Ontario),35505,B,505,0125.09,5050125.09,Ontario,35,214,0.5591326491801872,66.1789946218049,0.0,264.29567036912,0.3220165056105036
175,630.2882647758067,867.2325784005051,790.6844098559559,2762.9577410222555,1721.2271129488881,3012.042576472857,1095.0761648102007,Ottawa - Gatineau (Ontario part / partie de l'Ontario),35505,B,505,0125.08,5050125.08,Ontario,35,215,0.5463216238204508,66.05782946732631,0.0,249.1707273283921,0.17348840197905285
176,421.46415062147884,632.1430236103847,482.90440770749854,3136.944124992738,1555.8218167363657,2955.4895924086672,765.7315135476568,Ottawa - Gatineau (Ontario part / partie de l'Ontario),35505,B,505,0002.04,5050002.04,Ontario,35,217,0.6989544625015667,67.23268426555155,0.0,203.48540505024124,2.4642050734738934
177,692.3904679939296,954.9739016190124,868.1962163757627,2916.2833067158526,1883.0151366833277,2992.3719285134325,1221.055060915437,Ottawa - Gatineau (Ontario part / partie de l'Ontario),35505,B,505,0160.06,5050160.06,Ontario,35,218,0.536854568669996,67.1855627584521,0.0,231.16213374463703,0.49075013590318733
178,490.2311908382414,729.7430931178567,596.8896736962708,3382.709660662429,1814.0653210473274,2982.470450452153,957.5872813253542,Ottawa - Gatineau (Ontario part / partie de l'Ontario),35505,B,505,0160.07,5050160.07,Ontario,35,219,0.6806543152032578,66.16745651935422,0.06521279525027664,191.82271506382173,0.17902641423347726
179,668.9179727892505,885.7907630322813,796.2027111512464,2807.6078000178627,1667.871498179003,3004.994851591264,1046.261973424367,Ottawa - Gatineau (Ontario part / partie de l'Ontario),35505,B,505,0140.04,5050140.04,Ontario,35,221,0.553900034361584,66.03524893568463,0.0,313.1782671258026,0.1299725113874307
180,608.3763033028787,844.2763951967767,743.0611801297117,2918.915716065531,1703.4502955625846,3003.1639864279787,1027.8350106915022,Ottawa - Gatineau (Ontario part / partie de l'Ontario),35505,B,505,0140.05,5050140.05,Ontario,35,222,0.5864316167517813,66.33598706416673,0.0,280.595264813473,0.50834997437574
181,541.5534056355957,775.733651456303,682.0232725634652,2965.2599005298257,1673.9528210715443,3002.179266309258,983.5789357896194,Ottawa - Gatineau (Ontario part / partie de l'Ontario),35505,B,505,0124.04,5050124.04,Ontario,35,223,0.616350941360758,66.24464738897342,0.0,209.8335432910011,0.15167499076797358
182,570.420808117892,823.1871820463892,669.5972667277756,3630.2465493234986,1947.223865902741,2981.4833467415638,1054.7586719182075,Ottawa - Gatineau (Ontario part / partie de l'Ontario),35505,B,505,0162.01,5050162.01,Ontario,35,225,0.6718451936571215,66.7063019077069,0.0,247.53299398606921,0.30342815893681674
183,515.3937271836887,771.7403403525964,613.1166714896273,3916.7224957706367,1848.2106702430774,2971.3985909536173,942.9492231324024,Ottawa - Gatineau (Ontario part / partie de l'Ontario),35505,B,505,0162.02,5050162.02,Ontario,35,227,0.7034528365714128,66.53273306027967,0.0,208.69138878995633,0.4810090374855315
184,362.8836285494361,607.6388037056229,432.3898586613054,3608.535234338212,1740.628059283517,2944.6502132839005,773.1165656834701,Ottawa - Gatineau (Ontario part / partie de l'Ontario),35505,B,505,0300.00,5050300.00,Ontario,35,228,0.7802460869729047,67.07328744517231,0.0027886804697204908,168.89813469941944,0.6746745809592745
185,328.6242339931266,565.513639702138,383.91217624678575,3910.107504558766,1746.9228650422801,2948.5366059128432,730.4511413656136,Ottawa - Gatineau (Ontario part / partie de l'Ontario),35505,B,505,0301.00,5050301.00,Ontario,35,229,0.7959476361240675,66.362298440805,0.0019185638812910764,157.91871214347745,1.1927335916424913
186,326.068771256821,545.3845000190688,379.75399338399336,3240.1866587885343,1523.1521811894206,2947.469995958519,647.3604195904883,Ottawa - Gatineau (Ontario part / partie de l'Ontario),35505,B,505,0302.00,5050302.00,Ontario,35,233,0.733023193200398,66.42193447596748,0.0016370728678558905,145.5773733792541,1.98789622685275
187,432.6959292667214,670.9931458374158,488.866687004389,4390.481563445907,1965.6126299592127,2948.0388224963945,903.9434142720238,Ottawa - Gatineau (Ontario part / partie de l'Ontario),35505,B,505,0184.00,5050184.00,Ontario,35,234,0.7823095377183407,66.50068712727128,0.13327235905141419,218.3697442735502,0.27696187085273727
188,358.584054936308,600.898509799303,423.7852268390318,3778.2265622088544,1772.0821818591505,2944.102328642679,793.1826898649006,Ottawa - Gatineau (Ontario part / partie de l'Ontario),35505,B,505,0190.02,5050190.02,Ontario,35,235,0.7891716204650805,66.5923926588879,0.01332278074827688,180.62188559259698,0.3495990039413702
189,574.6200548709546,817.2759670854786,712.7938776413952,3027.240153018706,1774.3674532308626,2992.928677823358,1061.3926091279823,Ottawa - Gatineau (Ontario part / partie de l'Ontario),35505,B,505,0122.03,5050122.03,Ontario,35,236,0.6034062707288972,66.43744992975064,0.0,266.0557264262219,0.24873893422329202
190,356.58272702892174,593.6928225574882,387.3816571513019,4775.846980535956,1970.8349250728224,2934.6451144533216,794.4445715890495,Ottawa - Gatineau (Ontario part / partie de l'Ontario),35505,B,505,0182.00,5050182.00,Ontario,35,237,0.8452383198273533,66.58713187744479,0.002706056257107878,196.00405927388545,0.39289945648268226
191,379.4185117429407,620.352928791952,433.0618923818751,4342.159021450793,1924.4600592414124,2949.147222715159,832.2644452582978,Ottawa - Gatineau (Ontario part / partie de l'Ontario),35505,B,505,0183.00,5050183.00,Ontario,35,238,0.810758836015339,67.05266787039226,0.0,205.30656967467215,0.512810914863296
192,669.3869598037367,907.1295257865363,839.2443992127893,2692.1210740570978,1701.473357506807,3010.810183188201,1102.0062275901105,Ottawa - Gatineau (Ontario part / partie de l'Ontario),35505,B,505,0170.08,5050170.08,Ontario,35,239,0.5164278944025239,66.43069447065479,0.0,199.74052381851016,0.092807268217723
193,663.6524792011359,902.9832264401348,834.5681436831675,2680.5719224600443,1755.6418230113686,3012.190494008328,1150.9090462632207,Ottawa - Gatineau (Ontario part / partie de l'Ontario),35505,B,505,0170.09,5050170.09,Ontario,35,240,0.5216470199306853,66.32997550323599,0.04770730167267879,227.23791093467733,0.5309853857412071
194,348.51931412222496,591.6913729783657,390.73850735851926,4454.115341457386,1920.89617984767,2939.691538135075,787.3704555981847,Ottawa - Gatineau (Ontario part / partie de l'Ontario),35505,B,505,0190.01,5050190.01,Ontario,35,241,0.8351313006114142,66.57286548656033,0.0047163014850403135,198.0825210356839,0.41670006846260627
195,630.9930550894187,864.0975487845812,786.0206549359933,2876.0451527065234,1744.783661360693,3010.573386632787,1094.6449860957953,Ottawa - Gatineau (Ontario part / partie de l'Ontario),35505,B,505,0137.05,5050137.05,Ontario,35,242,0.5546829403511981,66.27404468523758,0.12715155583257423,243.39894040370143,0.17064055233255027
196,322.4929305095216,563.9959978374961,373.56614390588305,3488.4305001860607,1666.61248271683,2940.089271336494,720.5078465385267,Ottawa - Gatineau (Ontario part / partie de l'Ontario),35505,B,505,0200.01,5050200.01,Ontario,35,243,0.7983717354659157,66.25677010855398,0.008143000909378754,168.38331713542098,0.22784734493853318
197,701.1696752482026,936.0585989769239,875.1213124974926,2616.682542084289,1750.6281196334994,3002.4699275534044,1213.8232295795026,Ottawa - Gatineau (Ontario part / partie de l'Ontario),35505,B,505,0001.04,5050001.04,Ontario,35,244,0.4974399334156067,66.69369346376385,0.0,295.1313062627838,0.5388666683681468
198,562.7814563757777,807.672866550935,703.879038880163,3065.1377770429754,1788.2544836644543,2990.089984661028,1069.8467912154529,Ottawa - Gatineau (Ontario part / partie de l'Ontario),35505,B,505,0001.05,5050001.05,Ontario,35,245,0.6101430170929819,66.42514673059438,0.0,237.17995278902944,0.4895548023844296
199,596.1598041793778,826.007610193586,747.9839887379413,2713.9834667605187,1691.3226670673769,3006.062607633131,1071.5404977371088,Ottawa - Gatineau (Ontario part / partie de l'Ontario),35505,B,505,0001.06,5050001.06,Ontario,35,246,0.5572370171359028,66.47066941627503,0.0,258.70667439087805,0.351460844773009
200,315.48076691926366,543.9987076264758,368.55053629049553,3281.422174682182,1555.715091761038,2938.823046443965,668.3301503610892,Ottawa - Gatineau (Ontario part / partie de l'Ontario),35505,B,505,0160.09,5050160.09,Ontario,35,247,0.7449691566104679,66.97784214268061,0.0,153.72136300018053,2.0613159331635607
201,459.5515955014259,709.6252140417776,578.1689131478419,3217.4887173874977,1740.3990707981702,2967.1902065221566,940.0135334924474,Ottawa - Gatineau (Ontario part / partie de l'Ontario),35505,B,505,0180.01,5050180.01,Ontario,35,248,0.6789400777512641,66.36194094881425,0.0,198.9517115378927,0.21755199457586394
202,616.3534954829742,851.3181394486911,751.0250210794533,2971.8105165624274,1734.0019309705813,3000.710220986798,1057.7151707204077,Ottawa - Gatineau (Ontario part / partie de l'Ontario),35505,B,505,0140.07,5050140.07,Ontario,35,249,0.59350201065976,66.34401667824869,0.0,303.38093676164016,0.4514987259671067
203,313.5823588028047,548.0302246086911,356.983284397086,3962.4914708088218,1689.1582748037556,2936.0684170773684,681.0636633405783,Ottawa - Gatineau (Ontario part / partie de l'Ontario),35505,B,505,0181.01,5050181.01,Ontario,35,250,0.814386367754911,66.22927595487484,0.0003441356644831614,168.7816218909859,0.29247161019255125
204,321.5610879943083,554.8055575549026,363.265761898122,4121.455062552816,1773.5337897253294,2936.1010514880595,718.49593563197,Ottawa - Gatineau (Ontario part / partie de l'Ontario),35505,B,505,0181.02,5050181.02,Ontario,35,251,0.8341907547279789,66.2661116099282,0.003372467022472375,177.09576764552256,0.2963256116520253
205,364.1167296697695,603.0206552699334,404.37384029696796,4365.867706566559,1886.545683235046,2941.5101515829547,792.551144290004,Ottawa - Gatineau (Ontario part / partie de l'Ontario),35505,B,505,0200.02,5050200.02,Ontario,35,252,0.8218625298673295,66.60389890605309,0.008620135628471684,209.53813182536322,0.5881054257174948
206,601.3108794456335,824.1184367675544,744.1521777234284,2807.061553041884,1688.169986752267,3012.7375359217376,1047.7861571384897,Ottawa - Gatineau (Ontario part / partie de l'Ontario),35505,B,505,0161.03,5050161.03,Ontario,35,253,0.5744598861254161,66.56056251910734,0.0,266.42862325486607,0.3070111077142566
207,577.0290249385932,794.389905687152,680.3312569746486,3165.1596334474034,1738.6484628655235,2988.9411581148115,986.5461719860957,Ottawa - Gatineau (Ontario part / partie de l'Ontario),35505,B,505,0161.04,5050161.04,Ontario,35,254,0.6334230601592711,66.47107090477623,0.0,241.1045435700986,0.18036384817815862
208,372.09425630919077,591.9596886147197,412.4522067214577,3324.246462529884,1452.0219297274364,2940.2057798013516,634.3082537352718,Ottawa - Gatineau (Ontario part / partie de l'Ontario),35505,B,505,0180.02,5050180.02,Ontario,35,255,0.7096169081746447,66.41645283178443,0.0,228.67386358894294,0.4681586794112594
209,602.0441176470583,816.6864984279551,723.9552556129578,2758.9684136899396,1607.782545464617,3000.303633014307,998.98682807241,Ottawa - Gatineau (Ontario part / partie de l'Ontario),35505,B,505,0140.06,5050140.06,Ontario,35,256,0.5829694039737723,66.18698319921329,0.0,300.07752877463685,0.3384430532278838
210,657.8685644020898,912.2873135908734,806.461502203095,3009.2309075383437,1816.1008709908801,2989.23909143696,1105.4002227004125,Ottawa - Gatineau (Ontario part / partie de l'Ontario),35505,B,505,0170.10,5050170.10,Ontario,35,257,0.5676176614156206,67.20289100659211,0.0,245.99163848754992,0.16102059637257915
211,593.1461522538976,837.5807525981411,733.6180804066778,2925.124583915309,1741.2199743029842,2997.817797329227,1057.6792497515153,Ottawa - Gatineau (Ontario part / partie de l'Ontario),35505,B,505,0170.11,5050170.11,Ontario,35,258,0.5884639182439789,66.72800135757834,0.0,221.75165454853993,0.23381302342754967
212,506.5707990796178,713.781964860156,607.0576858636407,3104.632598181576,1698.7016324501842,2995.71236652221,940.1063019390588,Ottawa - Gatineau (Ontario part / partie de l'Ontario),35505,B,505,0137.04,5050137.04,Ontario,35,259,0.6659786313265059,66.26287865248868,0.0,195.4981653784292,0.1968657850058084
213,505.5152953348859,775.3893835670352,638.0164502272604,3324.0731254508987,1869.7987789354156,2969.1671562179904,1013.1281325268177,Ottawa - Gatineau (Ontario part / partie de l'Ontario),35505,B,505,0151.07,5050151.07,Ontario,35,260,0.6690182534383826,66.95805854313652,0.0,198.69431966660923,0.40377045896590047
214,426.57031576242343,678.9296547606228,495.15683572455697,4134.911936654781,1942.6004561369693,2950.6339260846476,889.8829985998442,Ottawa - Gatineau (Ontario part / partie de l'Ontario),35505,B,505,0151.08,5050151.08,Ontario,35,261,0.7761523563238333,66.75762007607328,0.0,206.4574039117429,0.5468929211850493
215,357.41629625031425,616.5985089226074,419.5110184828774,3896.089349614465,1837.6956518535656,2943.0193602056793,797.6036615727685,Ottawa - Gatineau (Ontario part / partie de l'Ontario),35505,B,505,0151.09,5050151.09,Ontario,35,262,0.8001244746962326,66.46459988737999,0.00038595291975591055,186.47480370688854,0.2641263025464339
216,581.4184367434798,808.5618712969618,706.0459956625792,2999.2237972005746,1736.8890068712694,2989.807982722361,1043.7537854196157,Ottawa - Gatineau (Ontario part / partie de l'Ontario),35505,B,505,0151.04,5050151.04,Ontario,35,271,0.6123976807123637,66.12975423733678,0.0,250.29930992588447,0.1276993244985727
217,563.3019281724693,801.8287746439403,700.1612420863449,3011.459032475247,1721.5797173477754,2992.2904062367284,1015.6860066632192,Ottawa - Gatineau (Ontario part / partie de l'Ontario),35505,B,505,0151.05,5050151.05,Ontario,35,272,0.6148483202400153,66.23210018521787,0.0,217.02951493734116,0.22636016632040679
218,534.3557201142746,771.5130472611465,647.3463111666535,3193.261998457816,1801.2029678179867,2971.037657209711,1008.2907829390724,Ottawa - Gatineau (Ontario part / partie de l'Ontario),35505,B,505,0151.06,5050151.06,Ontario,35,273,0.6611662478972316,66.481267781648,0.015067315447543583,217.52609082932295,0.33479870361999636
219,454.2801516452122,684.5631289438014,552.5215190654476,3298.7819637292823,1771.8508755532896,2977.8259546334734,912.4756389479205,Ottawa - Gatineau (Ontario part / partie de l'Ontario),35505,B,505,0002.05,5050002.05,Ontario,35,274,0.6873568385914699,66.02057990319825,0.029617638465182044,214.13448258965613,1.613232115537827
220,551.3728296826006,807.5839115686863,703.8730004997368,3183.3890363038895,2038.67495157417,2984.272161450385,1152.3143588110675,Ottawa - Gatineau (Ontario part / partie de l'Ontario),35505,B,505,0002.06,5050002.06,Ontario,35,275,0.6204857270997209,66.76171175354564,0.0,230.09030587876262,1.0045794471052842
221,553.7965340975506,786.6831678433397,684.5488517249802,3037.6503739022905,1748.5018969652103,3007.444247643404,1019.4633767043463,Ottawa - Gatineau (Ontario part / partie de l'Ontario),35505,B,505,0131.02,5050131.02,Ontario,35,131,0.625540036325034,66.74683042087477,0.0,222.00101136053655,0.7110697041726146
222,596.726177137259,825.4740049560818,733.4631145819642,2930.898824386957,1768.2937366122776,3006.946610340569,1069.6264701937316,Ottawa - Gatineau (Ontario part / partie de l'Ontario),35505,B,505,0135.01,5050135.01,Ontario,35,132,0.5913005207740023,66.21452871831484,0.0,248.9324940419979,0.36923625120751985
223,543.1803145515754,769.7900026993577,661.058690658694,3030.8787428123223,1710.3457622629771,2991.5234334812026,992.5432610278942,Ottawa - Gatineau (Ontario part / partie de l'Ontario),35505,B,505,0137.02,5050137.02,Ontario,35,135,0.6311857531039324,66.40077822993433,0.0,203.39592193253614,0.6699653157993917
224,550.9768566423182,768.1620506305777,653.8366462109029,3105.4136626745512,1724.3758116567135,2991.0547736376793,981.4543945742714,Ottawa - Gatineau (Ontario part / partie de l'Ontario),35505,B,505,0137.03,5050137.03,Ontario,35,136,0.6475054464509521,66.03866446741598,0.0,201.77072606009708,0.13488715179952676
225,424.55115642346317,655.884901464299,465.92224692597154,4310.231146108609,1919.2403354843577,2950.22310619057,841.672871759959,Ottawa - Gatineau (Ontario part / partie de l'Ontario),35505,B,505,0140.01,5050140.01,Ontario,35,137,0.8000975058783282,66.73670547554403,0.0,236.42381279349533,0.7172814966837062
226,576.2829637164729,802.5069981064668,714.063653967534,2789.771516726211,1645.4165007016477,3008.3524147144067,1011.5893300324173,Ottawa - Gatineau (Ontario part / partie de l'Ontario),35505,B,505,0140.03,5050140.03,Ontario,35,138,0.589597662306039,66.65106289103906,0.0,300.04070177158707,0.29399400687554766
227,419.3916259070664,678.8420142911067,483.9434945571971,4305.644419202028,1950.5630539808867,2947.4846118670807,881.6278352156469,Ottawa - Gatineau (Ontario part / partie de l'Ontario),35505,B,505,0151.03,5050151.03,Ontario,35,139,0.7865344296363653,66.45257332272692,0.0,216.14192745250202,0.3063114330475978
228,471.09153500548723,689.2685473637279,566.1480545203034,3211.446991608744,1626.9427645417952,2978.456994809767,858.92762541156,Ottawa - Gatineau (Ontario part / partie de l'Ontario),35505,B,505,0125.04,5050125.04,Ontario,35,140,0.6861731801059799,66.10842040881654,0.0,223.18117226083763,0.39619106685567945
229,571.0924674969468,797.0685792895237,685.127441906744,3150.8538492912066,1750.1356915228307,2972.9427019651375,1031.3115703922897,Ottawa - Gatineau (Ontario part / partie de l'Ontario),35505,B,505,0130.01,5050130.01,Ontario,35,141,0.6299473299463036,66.71797038667911,0.0,237.88680414273531,1.3217453278949534
230,577.4505513863938,808.30671528732,715.0020739046744,2981.6992133575473,1728.335269511519,2986.157504652275,1036.7307495203588,Ottawa - Gatineau (Ontario part / partie de l'Ontario),35505,B,505,0130.02,5050130.02,Ontario,35,142,0.6003369775565508,66.42879380422983,0.0,232.22067626908543,1.2816714870937471
231,556.323002258421,805.2642317008276,674.54291978779,3546.82003107331,1947.8649361003895,2988.3014378079965,1053.6109002183675,Ottawa - Gatineau (Ontario part / partie de l'Ontario),35505,B,505,0135.03,5050135.03,Ontario,35,143,0.6651210591283759,66.49268816170938,0.0,233.96122421013098,0.5019104924923963
232,522.87080979066,745.522846902321,631.6157439484817,3141.5047684483247,1722.1264786345105,2985.889671953562,969.009761089578,Ottawa - Gatineau (Ontario part / partie de l'Ontario),35505,B,505,0136.01,5050136.01,Ontario,35,144,0.6576381977920905,66.30979210937527,0.0,203.21498169252135,0.7003709813175781
233,699.1173131436877,932.303863192832,850.7569930152956,2738.7294981553,1749.9174774338476,2995.3956615052984,1159.377092206664,Ottawa - Gatineau (Ontario part / partie de l'Ontario),35505,B,505,0136.02,5050136.02,Ontario,35,145,0.5211363847474441,67.78174100084047,0.0,258.0898811982735,0.6225552342559227
234,670.6688622702501,918.6626502362972,834.5058994787846,2952.285203696254,1805.9646045743034,3008.3189900416455,1123.7538309713232,Ottawa - Gatineau (Ontario part / partie de l'Ontario),35505,B,505,0171.07,5050171.07,Ontario,35,153,0.5403582646062968,66.23545822613364,0.0,242.25992435007345,0.1553804346253245
235,525.5457883004926,768.5704832236111,635.6124866564351,3279.1802784546435,1785.4188630147198,2975.767544556963,964.346681224266,Ottawa - Gatineau (Ontario part / partie de l'Ontario),35505,B,505,0141.13,5050141.13,Ontario,35,154,0.6611656804705422,66.64538401887086,0.0,190.34571270047778,1.407978883910175
236,402.8309626013406,646.7397188366652,459.9413351000666,4155.5966136654515,1900.3580958269715,2944.1147676300543,858.7586514893832,Ottawa - Gatineau (Ontario part / partie de l'Ontario),35505,B,505,0141.14,5050141.14,Ontario,35,155,0.7896052936405188,66.59968029417755,0.0023777215559399197,226.56503692696947,0.4351557249597479
237,430.928727610741,659.8128190838048,496.0073173162581,3642.906918041987,1668.2682429491367,2952.7953792258086,784.1671612677528,Ottawa - Gatineau (Ontario part / partie de l'Ontario),35505,B,505,0126.05,5050126.05,Ontario,35,156,0.7353868200914457,66.419982426237,0.0,187.1268097518113,0.49300303879652324
238,395.15828364348476,679.5242577118412,471.62280781076845,4064.010983213104,1883.906106242223,2947.661804540418,837.2106164034303,Ottawa - Gatineau (Ontario part / partie de l'Ontario),35505,B,505,0126.06,5050126.06,Ontario,35,157,0.7805615375676936,66.31754363301359,0.0,163.75639554253152,0.23334398520522975
239,562.0758604546896,829.1865369664821,689.518170611794,3804.2415572731716,1955.911529456943,2970.6554791432745,1064.5020658038568,Ottawa - Gatineau (Ontario part / partie de l'Ontario),35505,B,505,0141.12,5050141.12,Ontario,35,158,0.6713167126542088,66.92344327365467,0.0,243.41442860939154,0.5087286336893541
240,448.7815921788261,718.9635575436189,540.422774772177,4072.902835729074,1978.1617847953878,2956.014555383938,955.6142104776652,Ottawa - Gatineau (Ontario part / partie de l'Ontario),35505,B,505,0141.15,5050141.15,Ontario,35,159,0.7530117702056741,66.57065355619861,0.008022596892874219,229.21284343705136,0.35300928687615274
241,504.66915834538446,731.798116597165,602.3151201509172,3248.471013417739,1746.8870245431951,2982.20243852716,955.9452216716702,Ottawa - Gatineau (Ontario part / partie de l'Ontario),35505,B,505,0160.02,5050160.02,Ontario,35,160,0.6785917317419924,66.40172815944705,0.0,200.2086272062601,0.10606511608319588
242,469.88739196090245,732.842119652943,566.1076617972683,3771.294003704321,1922.11927258267,2959.061975443327,950.3709554510131,Ottawa - Gatineau (Ontario part / partie de l'Ontario),35505,B,505,0160.03,5050160.03,Ontario,35,161,0.7293857620489267,67.36613519465185,0.014389902265026146,181.43950051137813,0.82224807062885
243,420.31244744167833,656.0600913789858,509.92568162706107,3377.5866061460647,1614.700477374547,2968.342279726267,807.6610885372121,Ottawa - Gatineau (Ontario part / partie de l'Ontario),35505,B,505,0170.01,5050170.01,Ontario,35,162,0.7266685581383656,66.2550292876716,0.018486030360586332,161.33087003958212,0.177071704049528
244,562.3945373290742,824.5513302118703,699.9386748260022,3306.2942668098353,1894.4212896732552,2984.3652200451243,1080.1502941377762,Ottawa - Gatineau (Ontario part / partie de l'Ontario),35505,B,505,0160.10,5050160.10,Ontario,35,168,0.6333251542015648,66.36878582752962,0.0,209.16505712769384,0.3131723008945871
245,598.0972377766791,873.4607342248612,740.3077045038167,3400.3816499408513,1963.6533378416316,2976.9671596450094,1130.7423319144173,Ottawa - Gatineau (Ontario part / partie de l'Ontario),35505,B,505,0160.11,5050160.11,Ontario,35,173,0.6273636399016356,66.88457544399364,0.0,200.51055427981046,0.3769722892943535
246,422.3667288535068,644.1742993935642,497.33180925351195,3238.547771090335,1617.3606727136764,2968.503919779891,819.3837293292685,Ottawa - Gatineau (Ontario part / partie de l'Ontario),35505,B,505,0002.01,5050002.01,Ontario,35,174,0.7131178293054257,66.2005283598473,0.033531582422218514,195.9598762472754,2.21563035630959
247,465.58266008951904,692.576707368613,571.8334266165605,3060.2140205505934,1569.0130721620553,2980.159703604103,867.9817779511089,Ottawa - Gatineau (Ontario part / partie de l'Ontario),35505,B,505,0002.02,5050002.02,Ontario,35,175,0.6675181547590793,66.12649531924886,0.0,198.2073939059673,1.1511090369417893
248,570.0160317614965,786.1103955572872,685.5533369056893,2932.2049249805114,1729.716314302416,2995.28920255261,1055.8336954403735,Ottawa - Gatineau (Ontario part / partie de l'Ontario),35505,B,505,0033.02,5050033.02,Ontario,35,176,0.6128463557654217,67.52871200311765,0.0,236.94951773187825,0.7285658612626655
249,503.15350980888866,728.1354316192408,614.9007050578405,3013.3039967350614,1647.4062554532916,2995.799586253485,943.8215190407846,Ottawa - Gatineau (Ontario part / partie de l'Ontario),35505,B,505,0120.03,5050120.03,Ontario,35,177,0.6524465314287946,66.34953136874103,0.0,235.38283937065495,0.23198232429846047
250,597.5340861635489,826.8410810925984,735.0895938978143,2883.5207163250534,1718.7742723824954,3005.5990326841957,1060.7555886990244,Ottawa - Gatineau (Ontario part / partie de l'Ontario),35505,B,505,0121.01,5050121.01,Ontario,35,178,0.5874547316218873,66.52407636255168,0.0,242.93363872672273,0.2544040567605575
251,654.7556795959564,905.0591279341847,814.6034399734127,2860.852026432811,1805.1680129496353,2998.314930741598,1164.7214132467,Ottawa - Gatineau (Ontario part / partie de l'Ontario),35505,B,505,0121.02,5050121.02,Ontario,35,179,0.5450387627927729,66.37981683317165,0.0,290.6269066690176,0.5673424080266044
252,547.8081867381458,765.8038771764717,659.7184637463996,2885.49093481354,1628.0498957825087,3002.3310747773266,970.1135613392918,Ottawa - Gatineau (Ontario part / partie de l'Ontario),35505,B,505,0007.03,5050007.03,Ontario,35,180,0.6184398808961507,66.08488468707195,0.0,227.94908960254455,0.2564832261897228
253,527.6605033970561,787.6346587124488,633.2095192499818,3583.909004279623,1930.7604834143738,2975.979536901351,1033.0529595184175,Ottawa - Gatineau (Ontario part / partie de l'Ontario),35505,B,505,0020.01,5050020.01,Ontario,35,181,0.677687469342417,66.47805901551995,0.006794111769799505,238.03746627922456,1.7376552820888551
254,510.49585708824975,717.9941736690112,599.2241471015949,2674.359133518614,1450.2602015205869,2977.618189633954,831.9198665235598,Ottawa - Gatineau (Ontario part / partie de l'Ontario),35505,B,505,0020.02,5050020.02,Ontario,35,182,0.5964737102959533,66.43798011456786,0.0,232.1418057953154,3.0143583758099135
255,625.9242853685256,830.5530623423607,753.3650352857254,2559.521945300755,1648.875589156964,3004.0840997681557,1091.399206389646,Ottawa - Gatineau (Ontario part / partie de l'Ontario),35505,B,505,0032.01,5050032.01,Ontario,35,183,0.5437747662650791,67.1160161524547,0.0,271.07170836411797,0.2921740847366945
256,429.045727927744,572.5183413395557,468.7342954068078,1853.445174996703,994.4385403217581,2966.1687028426845,590.4905728906239,Ottawa - Gatineau (Ontario part / partie de l'Ontario),35505,B,505,0032.02,5050032.02,Ontario,35,184,0.4970816832365908,66.92840670781317,0.0,276.61201870412793,5.53653134450639
257,551.4857359187622,748.1057112584277,669.2607314648993,2598.000951720128,1573.4588158351241,3006.8748112968715,1009.2950004219454,Ottawa - Gatineau (Ontario part / partie de l'Ontario),35505,B,505,0033.01,5050033.01,Ontario,35,185,0.5864795706462351,66.27487365094845,0.0,242.43548697127972,0.06465367701525568
258,666.9556193432464,907.0908891151126,832.2131945951058,2712.2813621267996,1760.995438438388,3007.9471999243433,1176.2812202733596,Ottawa - Gatineau (Ontario part / partie de l'Ontario),35505,B,505,0122.01,5050122.01,Ontario,35,186,0.5078935393732527,66.75824836034114,0.0,308.8677703420617,0.4880370265293748
259,706.7037912428815,961.7424269644612,888.7235859559655,2774.612259645407,1857.11277156037,3004.249310935078,1257.4474884777394,Ottawa - Gatineau (Ontario part / partie de l'Ontario),35505,B,505,0122.02,5050122.02,Ontario,35,187,0.5052598810987283,66.78410145065949,0.0,296.73570828928246,0.23420526955177892
260,462.9370166272076,683.6820230222872,561.1302909081022,3264.731405284786,1711.734484447711,2969.7228440416907,912.8154339129726,Ottawa - Gatineau (Ontario part / partie de l'Ontario),35505,B,505,0123.01,5050123.01,Ontario,35,188,0.6925497783976248,66.69699567311619,0.0,210.87252564835222,0.52316243502871
261,478.8781697001264,701.4661003149495,586.5260631293231,3206.855033931745,1699.5738677079098,2972.6458883330533,925.7086091475272,Ottawa - Gatineau (Ontario part / partie de l'Ontario),35505,B,505,0123.02,5050123.02,Ontario,35,189,0.6771352592213091,66.48778304110792,0.0,209.12674374996098,0.28153728576705134
262,623.1362926457358,881.3867273262441,771.3425700595614,3113.0900315414747,1848.3383036764092,2984.2666847347928,1112.5878939266981,Ottawa - Gatineau (Ontario part / partie de l'Ontario),35505,B,505,0124.01,5050124.01,Ontario,35,190,0.5926509908983851,67.52662528690522,0.0,241.88066351305454,0.2048917440459627
263,430.67058134824555,642.4782146167078,516.5361859622004,2790.389044020331,1377.4447807517863,2964.5783310955094,733.6137555579857,Ottawa - Gatineau (Ontario part / partie de l'Ontario),35505,B,505,0124.02,5050124.02,Ontario,35,191,0.6309636727549999,66.83858249259835,0.004904370780047384,215.38113932860614,1.0331405643151728
264,418.1999108519719,615.9675636249028,468.7403338548641,3004.1357566889187,1391.6734323116596,2955.0659429767834,663.0670730856247,Ottawa - Gatineau (Ontario part / partie de l'Ontario),35505,B,505,0124.03,5050124.03,Ontario,35,192,0.6645642248295308,66.7999774878715,0.0,238.18619376188934,1.0111826746659762
265,518.3772908712391,737.5768368328028,626.3753531819541,2940.5200214243237,1586.2897279536649,2993.3446449835465,919.0067647140718,Ottawa - Gatineau (Ontario part / partie de l'Ontario),35505,B,505,0125.01,5050125.01,Ontario,35,193,0.643539249340174,66.07930931122759,0.0,252.22782836298802,0.2396002758299877
266,530.4822594973098,765.8250261961545,643.5097180166282,3133.066619362327,1702.3964626254467,2986.846073877279,977.0404809641286,Ottawa - Gatineau (Ontario part / partie de l'Ontario),35505,B,505,0125.02,5050125.02,Ontario,35,194,0.6446176416031039,66.58910405029658,0.0,282.5321600756871,0.31014320563911746
267,346.30492592498126,588.7965593527646,417.190379917747,3702.3437783004047,1699.5793261305564,2944.7092684744334,733.4101012565138,Ottawa - Gatineau (Ontario part / partie de l'Ontario),35505,B,505,0125.03,5050125.03,Ontario,35,195,0.7912713498489895,66.31529602405142,0.0007637950814342422,190.156697428278,0.49716216430405324
268,428.02143522295006,649.8224154080106,490.1910681646676,3658.793798772363,1727.796351288107,2961.6988248782623,833.085350678848,Ottawa - Gatineau (Ontario part / partie de l'Ontario),35505,B,505,0201.00,5050201.00,Ontario,35,196,0.7420592099041642,66.22182299070882,0.0,234.36384216785825,0.5038141703338977
269,550.820749467233,782.3799464987093,683.5655390803963,2949.293701870049,1665.4611741337208,2998.956215781879,985.3312987537981,Ottawa - Gatineau (Ontario part / partie de l'Ontario),35505,B,505,0125.05,5050125.05,Ontario,35,202,0.6128953139689828,66.19598840139945,0.0,216.7835605807286,0.10404179289211404
270,464.21927408109815,734.1971897799992,579.3875204305983,3604.760826216383,1869.7788709106273,2962.4039804406416,948.1588070131216,Ottawa - Gatineau (Ontario part / partie de l'Ontario),35505,B,505,0125.06,5050125.06,Ontario,35,203,0.7121876441356101,66.56310429057564,0.0,199.62993910331426,0.49095177078519503
271,520.9395178433143,738.2866492193889,638.9396382801145,2902.32395451825,1621.678155534493,2993.11166538803,949.0814947652144,Ottawa - Gatineau (Ontario part / partie de l'Ontario),35505,B,505,0160.04,5050160.04,Ontario,35,204,0.6279370507679306,66.46796923080635,0.0,217.643667252391,0.6269144934849715
272,588.8844750906509,825.1321167317843,738.6673529639576,2851.5286632694047,1693.5701383222267,3006.9919121395374,1035.9773449841757,Ottawa - Gatineau (Ontario part / partie de l'Ontario),35505,B,505,0170.03,5050170.03,Ontario,35,205,0.5793823697246933,66.12777018227409,0.0,213.62006870178124,0.20599006039776424
273,559.5735572880559,791.7679619849833,690.9949567776487,2983.4053755034,1682.5775973978086,2997.420306023101,990.6878088627954,Ottawa - Gatineau (Ontario part / partie de l'Ontario),35505,B,505,0170.04,5050170.04,Ontario,35,206,0.617502602350388,66.07053135464453,0.0,203.68240791278842,0.10729616899496973
274,573.6992596508461,809.2496689749064,722.1784119273766,2895.1659987980843,1658.1876382388211,3002.4410201806863,993.2539878861021,Ottawa - Gatineau (Ontario part / partie de l'Ontario),35505,B,505,0170.05,5050170.05,Ontario,35,207,0.5910806173975892,66.37042393654293,0.0,207.98822273811987,0.14185329167362792
275,530.1122760498572,752.2562625779211,648.3387261706944,3022.6226965871315,1668.1531332954821,2992.9715044158365,956.8337306742214,Ottawa - Gatineau (Ontario part / partie de l'Ontario),35505,B,505,0125.07,5050125.07,Ontario,35,211,0.6316398065708814,66.12453812837582,0.0,223.48824475405996,0.332617426122835
276,334.91389781985805,583.1476239336865,396.42702873576053,3748.980597481709,1786.6888635644132,2941.7142735688267,770.1776840599902,Ottawa - Gatineau (Ontario part / partie de l'Ontario),35505,B,505,0400.00,5050400.00,Ontario,35,212,0.8019841183644062,66.31416019769682,0.0012548850808822688,169.56383486718875,0.21926214653198925
